id,name,plnt_typ,gro_trig,nfix_co,days_mat,bm_e,harv_idx,lai_pot,frac_hu1,lai_max1,frac_hu2,lai_max2,hu_lai_decl,dlai_rate,can_ht_max,rt_dp_max,tmp_opt,tmp_base,frac_n_yld,frac_p_yld,frac_n_em,frac_n_50,frac_n_mat,frac_p_em,frac_p_50,frac_p_mat,harv_idx_ws,usle_c_min,stcon_max,vpd,frac_stcon,ru_vpd,co2_hi,bm_e_hi,plnt_decomp,lai_min,bm_tree_acc,yrs_mat,bm_tree_max,ext_co,leaf_tov_mn,leaf_tov_mx,bm_dieoff,rt_st_beg,rt_st_end,plnt_pop1,frac_lai1,plnt_pop2,frac_lai2,frac_sw_gro,aeration,wnd_dead,wnd_flat,description
1,agrc,cold_annual,temp_gro,0,110,30,0.4,4,0.05,0.05,0.45,0.95,0.5,1,0.9,1.3,18,0,0.025,0.0022,0.0663,0.0255,0.0148,0.0053,0.002,0.0012,0.2,0.03,0.006,4,0.75,6,660,39,0.05,0,0,0,0,0.65,12,3,0.1,0,0,0,0,0,0,0.5,0,0,0,agricultural_land_close_grown
2,agrl,warm_annual,temp_gro,0,110,33.5,0.45,3,0.15,0.05,0.5,0.95,0.64,1,1,2,30,11,0.0199,0.0032,0.044,0.0164,0.0128,0.006,0.0022,0.0018,0.25,0.2,0.005,4,0.75,8.5,660,36,0.05,0,0,0,0,0.65,12,3,0.1,0,0,0,0,0,0,0.5,0,0,0,agricultural_land_generic
3,agrr,warm_annual,temp_gro,0,110,39,0.5,3,0.15,0.05,0.5,0.95,0.7,1,2.5,2,25,8,0.014,0.0016,0.047,0.0177,0.0138,0.0048,0.0018,0.0014,0.3,0.2,0.007,4,0.75,7.2,660,45,0.05,0,0,0,0,0.65,12,3,0.1,0,0,0,0,0,0,0.5,0,0,0,agricultural_land_row
4,alfa,perennial,temp_gro,0.5,0,20,0.9,4,0.15,0.01,0.5,0.95,0.9,0.5,0.9,3,20,4,0.025,0.0035,0.0417,0.029,0.02,0.0035,0.0028,0.002,0.9,0.01,0.01,4,0.75,10,660,35,0.05,2,0.3,2,30,0.65,12,3,0.1,0,0,0,0,0,0,0.5,0,0,0,alfalfa
5,almd,perennial,temp_gro,0,0,16.1,0.05,1.2,0.05,0.05,0.4,0.95,0.99,1,6,3.5,30,10,0.0015,0.0003,0.02,0.01,0.008,0.0007,0.0004,0.0003,0.01,0.001,0.0036,4,0.75,8,660,18,0.05,0.75,0.3,10,50,0.61,12,3,0.1,0,0,0,0,0,0,0.5,0,0,0,almond
6,appl,perennial,temp_gro,0,0,15,0.1,4,0.1,0.15,0.5,0.75,0.99,1,3.5,2,20,7,0.0019,0.0004,0.006,0.002,0.0015,0.0007,0.0004,0.0003,0.05,0.001,0.007,4,0.75,3,660,20,0.05,0.75,0.3,10,50,0.65,12,3,0.1,0,0,0,0,0,0,0.5,0,0,0,apple
7,aspn,perennial,temp_gro,0,0,30,0.76,5,5,0.05,40,0.95,0.99,1,27,3,30,10,0.0015,0.0003,0.005,0.003,0.002,0.0005,0.0004,0.0003,0,0.001,0.0007,-6.5,1,8,660,35,0.05,0.75,0.3,50,100,0.64,12,3,0.1,0,0,0,0,0,0,0.5,0,0,0,aspen
8,aspr,perennial,temp_gro,0,0,90,0.8,4.2,0.25,0.23,0.4,0.86,1,0.1,0.5,2,24,10,0.063,0.0067,0.062,0.05,0.04,0.005,0.004,0.002,0.95,0.2,0.006,4,0.75,5,660,95,0.05,0.1,0.1,1,20,0.65,12,3,0.1,0,0,0,0,0,0,0.5,0,0,0,asparagus
9,bana,perennial,temp_gro,0,0,30,0.44,4.5,0.05,0.05,0.4,0.95,0.99,1,7.5,3.5,30,10,0.0064,0.0008,0.06,0.032,0.016,0.003,0.002,0.001,0.01,0.001,0.0036,4,0.75,8,660,31,0.05,0.75,0.3,10,50,0.45,12,3,0.1,0,0,0,0,0,0,0.5,0,0,0,banana
10,barl,cold_annual,temp_gro,0,105,35,0.54,4,0.15,0.01,0.45,0.95,0.6,1,1.2,1.3,25,0,0.021,0.0017,0.059,0.0226,0.0131,0.0057,0.0022,0.0013,0.2,0.01,0.008,4,0.75,7,660,45,0.05,0,0,0,0,0.65,12,3,0.1,0,0,0,0,0,0,0.5,0,0,0,spring_barley
11,barl100,cold_annual,temp_gro,0,100,35,0.54,4,0.15,0.01,0.45,0.95,0.6,1,1.2,1.3,25,0,0.021,0.0017,0.059,0.0226,0.0131,0.0057,0.0022,0.0013,0.2,0.01,0.008,4,0.75,7,660,45,0.05,0,0,0,0,0.65,12,3,0.1,0,0,0,0,0,0,0.5,0,0,0,spring_barley
12,barl105,cold_annual,temp_gro,0,105,35,0.54,4,0.15,0.01,0.45,0.95,0.6,1,1.2,1.3,25,0,0.021,0.0017,0.059,0.0226,0.0131,0.0057,0.0022,0.0013,0.2,0.01,0.008,4,0.75,7,660,45,0.05,0,0,0,0,0.65,12,3,0.1,0,0,0,0,0,0,0.5,0,0,0,spring_barley
13,bbls,perennial,temp_gro,0,0,14,0.9,3,0.05,0.1,0.25,0.7,0.35,1,1,2,25,12,0.016,0.0022,0.02,0.012,0.005,0.0014,0.001,0.0007,0.9,0.003,0.005,4,0.75,10,660,39,0.05,2,0.3,2,30,0.36,12,3,0.1,0.4,0.2,22,0.05,40,0.71,0.5,0,0,0,big_bluestem
14,berm,perennial,temp_gro,0,0,35,0.9,4,0.05,0.05,0.49,0.95,0.99,1,0.5,2,25,12,0.0234,0.0033,0.06,0.0231,0.0134,0.0084,0.0032,0.0019,0.9,0.003,0.005,4,0.75,10,660,36,0.05,2,0.3,2,30,1,12,3,0.1,0,0,0,0,0,0,0.5,0,0,0,bermudagrass
15,blug,perennial,temp_gro,0,0,18,0.9,2,0.05,0.05,0.3,0.7,0.35,1,0.2,1.4,25,12,0.016,0.0022,0.02,0.01,0.006,0.0014,0.001,0.0007,0.9,0.003,0.005,4,0.75,10,660,31,0.05,2,0.3,2,30,1.4,12,3,0.1,0,0,0,0,0,0,0.5,0,0,0,kentucky_bluegrass
16,bocu,perennial,temp_gro,0,0,30,0.9,4,0.15,0.01,0.5,0.95,0.8,1,1.5,2,15,0,0.0234,0.0033,0.056,0.021,0.012,0.0099,0.0022,0.0019,0.9,0.003,0.005,4,0.75,8,660,39,0.05,0.75,0.3,30,30,0.65,12,3,0.1,0.4,0.2,22,0.05,40,0.71,0.5,0,0,0,unknown
17,broc,cold_annual,temp_gro,0,90,26,0.8,4.2,0.25,0.23,0.4,0.86,1,0.1,0.5,0.6,18,4,0.0512,0.0071,0.062,0.009,0.007,0.005,0.004,0.003,0.95,0.2,0.006,4,0.75,5,660,30,0.05,0,0,0,0,0.65,12,3,0.1,0,0,0,0,0,0,0.5,0,0,0,broccoli
18,brom,perennial,temp_gro,0,0,35,0.9,3,0.45,0.02,0.8,0.95,0.85,1,0.8,1.3,25,6,0.0234,0.0033,0.04,0.024,0.016,0.0028,0.0017,0.0011,0.9,0.003,0.005,4,0.75,8,660,45,0.05,2,0.3,2,30,0.65,12,3,0.1,0,0,0,0,0,0,0.5,0,0,0,meadow_bromegrass
19,bros,perennial,temp_gro,0,0,35,0.9,5,0.15,0.01,0.5,0.95,0.85,1,1.2,2,25,8,0.0234,0.0033,0.04,0.024,0.016,0.0028,0.0017,0.0011,0.9,0.003,0.003,4,0.75,8,660,45,0.05,2,0.3,2,30,0.65,12,3,0.1,0,0,0,0,0,0,0.5,0,0,0,smooth_bromegrass
20,bsvg,perennial,temp_gro,0,0,34,0.9,1.5,0.05,0.1,0.25,0.7,0.35,1,1,2,25,12,0.016,0.0022,0.02,0.012,0.005,0.0014,0.001,0.0007,0.9,0.003,0.005,4,0.75,10,660,39,0.05,0.15,39,61,74,80,12,3,0,0,0,0,0,0,0,0.5,0,0,0,barren_or_sparsley_vegetated
21,cabg,perennial,temp_gro,0,90,19,0.8,3,0.25,0.23,0.4,0.86,1,0.1,0.5,0.6,18,1,0.0259,0.0031,0.062,0.007,0.004,0.005,0.0035,0.002,0.95,0.2,0.006,4,0.75,5,660,25,0.05,0.75,0.8,1,30,0.65,12,3,0.1,0,0,0,0,0,0,0.5,0,0,0,cabbage
22,cana,warm_annual,temp_gro,0,100,34,0.3,4.5,0.15,0.02,0.45,0.95,0.5,0.3,1.3,1.4,21,5,0.038,0.0079,0.044,0.0164,0.0128,0.0074,0.0037,0.0023,0.01,0.2,0.006,4,0.75,10,660,40,0.05,0,0,0,0,0.65,12,3,0.1,0,0,0,0,0,0,0.5,0,0,0,spring_canola_argentine
23,cang,perennial,temp_gro,0,0,35,0.1,5,5,0.17,40,0.9,0.5,1,1,0.2,25,3,0.016,0.0022,0.35,0.015,0.0038,0.0014,0.001,0.0007,0.01,0.001,0.0074,-6.5,1,8,660,54,0.05,0.01,0.3,10,50,0.33,12,3,0.1,0,0,0,0,0,0,0.5,0,0,0,canary_grass
24,canp,warm_annual,temp_gro,0,100,34,0.23,3.5,0.15,0.02,0.45,0.95,0.5,1,0.9,0.9,21,5,0.038,0.0079,0.044,0.0164,0.0128,0.0074,0.0037,0.0023,0.01,0.2,0.006,4,0.75,10,660,39,0.05,0,0,0,0,0.65,12,3,0.1,0,0,0,0,0,0,0.5,0,0,0,spring_canola_polish
25,cant,warm_annual,temp_gro,0,90,30,0.5,3,0.15,0.05,0.5,0.95,0.6,1,0.5,1.2,35,15,0.0138,0.0017,0.0663,0.0255,0.0148,0.0053,0.002,0.0012,0.25,0.03,0.006,4,0.75,3,660,39,0.05,0,0,0,0,0.65,12,3,0.1,0,0,0,0,0,0,0.5,0,0,0,cantaloupe
26,cash,perennial,temp_gro,0,0,15,0.15,4,0.1,0.15,0.5,0.75,0.99,1,3.5,2,20,7,0.0019,0.0004,0.006,0.002,0.0015,0.0007,0.0004,0.0003,0.05,0.001,0.0071,4,0.75,3,660,20,0.05,0.75,0.3,10,50,0.65,12,3,0.1,0,0,0,0,0,0,0.5,0,0,0,cashews
27,cass,cold_annual,temp_gro,0,0,25,0.95,4,0.15,0.01,0.5,0.95,0.6,1,0.6,0.6,22,7,0.0246,0.0023,0.055,0.02,0.012,0.006,0.0025,0.0019,0.95,0.2,0.005,4,0.75,14.8,660,30,0.05,0,0,0,0,0.65,12,3,0.1,0.4,0.2,0,0,0,0,0.5,0,0,0,cassava
28,cauf,cold_annual,temp_gro,0,90,21,0.8,2.5,0.25,0.23,0.4,0.86,1,0.1,0.5,0.6,18,5,0.0411,0.0059,0.062,0.007,0.004,0.005,0.0035,0.002,0.95,0.2,0.006,4,0.75,5,660,25,0.05,0,0,0,0,0.65,12,3,0.1,0,0,0,0,0,0,0.5,0,0,0,cauliflower
29,cedr,perennial,temp_gro,0,0,16,0.01,12,20,0.2,99,0.99,0.99,1,12,3.5,30,10,0.0015,0.0003,0.006,0.002,0.0015,0.0007,0.0004,0.0003,0,0.001,0.007,-3.5,1,8,660,15,0.05,0.75,0.3,50,100,0.37,12,3,0.1,0,0,0,0,0,0,0.5,0,0,0,cedar
30,celr,perennial,temp_gro,0,0,27,0.8,2.5,0.25,0.23,0.4,0.86,1,0.1,0.5,0.6,22,4,0.0199,0.0049,0.062,0.015,0.01,0.006,0.005,0.003,0.95,0.2,0.006,4,0.75,5,660,30,0.05,0.1,0.1,1,20,0.65,12,3,0.1,0,0,0,0,0,0,0.5,0,0,0,celery
31,clva,perennial,temp_gro,0.5,0,25,0.9,4,0.15,0.01,0.5,0.95,0.75,1,0.9,2,15,1,0.06,0.004,0.06,0.028,0.024,0.006,0.0025,0.0025,0.9,0.003,0.005,4,0.75,10,660,30,0.05,2,0.3,2,30,0.55,12,3,0.1,0,0,0,0,0,0,0.5,0,0,0,alsike_clover
32,clvr,cold_annual,temp_gro,0.5,110,25,0.9,4,0.15,0.01,0.5,0.95,0.75,10,0.75,1.5,15,1,0.065,0.004,0.065,0.028,0.0243,0.006,0.0024,0.0024,0.9,0.003,0.006,4,0.75,10,660,30,0.05,0,0,0,0,0.55,12,3,0.1,0,0,0,0,0,0,0.5,0,0,0,red_clover
33,clvs,perennial,temp_gro,0.5,0,25,0.9,4,0.15,0.01,0.5,0.95,0.75,1,1.5,2.4,15,1,0.065,0.004,0.065,0.028,0.0243,0.006,0.0024,0.0024,0.9,0.003,0.005,4,0.75,10,660,30,0.05,2,0.3,2,30,0.55,12,3,0.1,0,0,0,0,0,0,0.5,0,0,0,sweetclover
34,cngr,perennial,temp_gro,0,0,35,0.1,5,5,0.05,50,0.99,0.54,1,0.7,1.3,25,6,0.065,0.0091,0.0524,0.0265,0.0258,0.0074,0.0037,0.0035,0.01,0.001,0.007,-6.5,1,8,660,43,0.05,0.01,0.3,10,50,0.7,12,3,0.1,0,0,0,0,0,0,0.5,0,0,0,canada_grass
35,cocb,warm_annual,temp_gro,0,100,33,0.4,5.8,0.15,0.5,0.5,0.95,0.6,1,1,2,25,10,0.65,0.0091,0.03,0.0265,0.0258,0.0074,0.0037,0.0035,0.2,0.001,0.007,4,0.75,8,660,45,0.05,0.01,1,10,50,0.6,12,3,0.99,0,0,0,0,0,0,0.5,0,0,0,cockle_burr
36,coco,perennial,temp_gro,0,0,24,0.56,5,0.15,0.7,0.25,0.99,0.99,1,10,3.5,30,0,0.0015,0.0003,0.006,0.002,0.0015,0.0007,0.0004,0.0003,0.6,0.001,0.0019,4,0.75,8,660,16,0.05,0.75,0.3,30,100,0.65,12,3,0,0,0,0,0,0,0,0.5,0,0,0,coconut_tree
37,coct,perennial,temp_gro,0,0,15,0.56,3.5,0.15,0.05,0.5,0.99,0.9,1,10,3.5,30,10,0.0015,0.003,0.006,0.002,0.0015,0.0007,0.0004,0.0003,0.05,0.001,0.007,4.75,0.5,8,660,45,0.05,0.75,0.3,10,200,0.45,12,3,0.1,0,0,0,0,0,0,0.5,0,0,0,cocoa_tree
38,coff,perennial,temp_gro,0,0,10,0.15,1.35,0.05,0.05,0.4,0.95,0.99,1,2,2,30,10,0.0015,0.0003,0.02,0.01,0.008,0.0007,0.0004,0.0003,0.01,0.001,0.0036,4,0.75,8,660,18,0.05,0.75,0.3,10,50,0.61,12,3,0.1,0,0,0,0,0,0,0.5,0,0,0,coffee
39,cont,warm_annual,temp_gro,0,100,39,0.5,6,0.15,0.05,0.5,0.95,0.7,1,2.5,2,25,8,0.014,0.0016,0.047,0.0177,0.0138,0.0048,0.0018,0.0014,0.3,0.07,0.007,4,0.75,7.2,660,45,0.05,0,0,0,0,0.65,12,3,0.1,0,0,0,0,0,0,0.5,0,0,0,unknown
40,corn,warm_annual,temp_gro,0,120,40,0.55,6,0.15,0.15,0.5,0.95,0.8,0.1,2.5,2,25,8,0.0175,0.0025,0.044,0.0164,0.0128,0.0062,0.0023,0.0018,0.3,0.14,0.007,4,0.75,7.2,660,45,0.05,0,0,0,0,0.65,12,3,0.1,0,0,0,0,0,0,0.5,0,0,0,corn
41,corn100,warm_annual,temp_gro,0,100,40,0.55,6,0.15,0.15,0.5,0.95,0.8,0.1,2.5,2,25,8,0.0175,0.0025,0.044,0.0164,0.0128,0.0062,0.0023,0.0018,0.3,0.14,0.007,4,0.75,7.2,660,45,0.05,0,0,0,0,0.65,12,3,0.1,0,0,0,0,0,0,0.5,0,0,0,corn
42,corn110,warm_annual,temp_gro,0,110,40,0.55,6,0.15,0.15,0.5,0.95,0.8,0.1,2.5,2,25,8,0.0175,0.0025,0.044,0.0164,0.0128,0.0062,0.0023,0.0018,0.3,0.14,0.007,4,0.75,7.2,660,45,0.05,0,0,0,0,0.65,12,3,0.1,0,0,0,0,0,0,0.5,0,0,0,corn
43,corn120,warm_annual,temp_gro,0,120,40,0.55,6,0.15,0.15,0.5,0.95,0.8,0.1,2.5,2,25,8,0.0175,0.0025,0.044,0.0164,0.0128,0.0062,0.0023,0.0018,0.3,0.14,0.007,4,0.75,7.2,660,45,0.05,0,0,0,0,0.65,12,3,0.1,0,0,0,0,0,0,0.5,0,0,0,corn
44,corn50,warm_annual,temp_gro,0,50,40,0.55,6,0.15,0.15,0.5,0.95,0.8,0.1,2.5,2,25,8,0.0175,0.0025,0.044,0.0164,0.0128,0.0062,0.0023,0.0018,0.3,0.14,0.007,4,0.75,7.2,660,45,0.05,0,0,0,0,0.65,12,3,0.1,0,0,0,0,0,0,0.5,0,0,0,corn
45,corn90,warm_annual,temp_gro,0,90,40,0.55,6,0.15,0.15,0.5,0.95,0.8,0.1,2.5,2,25,8,0.0175,0.0025,0.044,0.0164,0.0128,0.0062,0.0023,0.0018,0.3,0.14,0.007,4,0.75,7.2,660,45,0.05,0,0,0,0,0.65,12,3,0.1,0,0,0,0,0,0,0.5,0,0,0,corn
46,cotp,warm_annual,temp_gro,0,180,15,0.4,4,0.15,0.01,0.5,0.95,0.95,0.5,1,2.5,30,15,0.019,0.0029,0.058,0.0192,0.0177,0.0081,0.0027,0.0025,0.3,0.2,0.009,4,0.75,3,660,19,0.05,0,0,0,0,0.65,12,3,0.1,0,0,0,0,0,0,0.5,0,0,0,cotton_p
47,cotp135,warm_annual,temp_gro,0,135,15,0.4,4,0.15,0.01,0.5,0.95,0.95,0.5,1,2.5,30,15,0.019,0.0029,0.058,0.0192,0.0177,0.0081,0.0027,0.0025,0.3,0.2,0.009,4,0.75,3,660,19,0.05,0,0,0,0,0.65,12,3,0.1,0,0,0,0,0,0,0.5,0,0,0,cotton_p
48,cotp145,warm_annual,temp_gro,0,145,15,0.4,4,0.15,0.01,0.5,0.95,0.95,0.5,1,2.5,30,15,0.019,0.0029,0.058,0.0192,0.0177,0.0081,0.0027,0.0025,0.3,0.2,0.009,4,0.75,3,660,19,0.05,0,0,0,0,0.65,12,3,0.1,0,0,0,0,0,0,0.5,0,0,0,cotton_p
49,cotp155,warm_annual,temp_gro,0,155,15,0.4,4,0.15,0.01,0.5,0.95,0.95,0.5,1,2.5,30,15,0.019,0.0029,0.058,0.0192,0.0177,0.0081,0.0027,0.0025,0.3,0.2,0.009,4,0.75,3,660,19,0.05,0,0,0,0,0.65,12,3,0.1,0,0,0,0,0,0,0.5,0,0,0,cotton_p
50,cotp180,warm_annual,temp_gro,0,180,15,0.4,4,0.15,0.01,0.5,0.95,0.95,0.5,1,2.5,30,15,0.019,0.0029,0.058,0.0192,0.0177,0.0081,0.0027,0.0025,0.3,0.2,0.009,4,0.75,3,660,19,0.05,0,0,0,0,0.65,12,3,0.1,0,0,0,0,0,0,0.5,0,0,0,cotton_p
51,cots,warm_annual,temp_gro,0,180,15,0.5,4,0.15,0.01,0.5,0.95,0.95,0.5,1,2.5,30,15,0.014,0.002,0.058,0.0192,0.0177,0.0081,0.0027,0.0025,0.4,0.2,0.009,4,0.75,3,660,19,0.05,0,0,0,0,0.65,12,3,0.1,0,0,0,0,0,0,0.5,0,0,0,cotton_s
52,cots135,warm_annual,temp_gro,0,135,15,0.5,4,0.15,0.01,0.5,0.95,0.95,0.5,1,2.5,30,15,0.014,0.002,0.058,0.0192,0.0177,0.0081,0.0027,0.0025,0.4,0.2,0.009,4,0.75,3,660,19,0.05,0,0,0,0,0.65,12,3,0.1,0,0,0,0,0,0,0.5,0,0,0,cotton_s
53,cots145,warm_annual,temp_gro,0,145,15,0.5,4,0.15,0.01,0.5,0.95,0.95,0.5,1,2.5,30,15,0.014,0.002,0.058,0.0192,0.0177,0.0081,0.0027,0.0025,0.4,0.2,0.009,4,0.75,3,660,19,0.05,0,0,0,0,0.65,12,3,0.1,0,0,0,0,0,0,0.5,0,0,0,cotton_s
54,cots155,warm_annual,temp_gro,0,155,15,0.5,4,0.15,0.01,0.5,0.95,0.95,0.5,1,2.5,30,15,0.014,0.002,0.058,0.0192,0.0177,0.0081,0.0027,0.0025,0.4,0.2,0.009,4,0.75,3,660,19,0.05,0,0,0,0,0.65,12,3,0.1,0,0,0,0,0,0,0.5,0,0,0,cotton_s
55,cots180,warm_annual,temp_gro,0,180,15,0.5,4,0.15,0.01,0.5,0.95,0.95,0.5,1,2.5,30,15,0.014,0.002,0.058,0.0192,0.0177,0.0081,0.0027,0.0025,0.4,0.2,0.009,4,0.75,3,660,19,0.05,0,0,0,0,0.65,12,3,0.1,0,0,0,0,0,0,0.5,0,0,0,cotton_s
56,crdy,perennial,temp_gro,0,0,34.25,0.68,3.5,0.1,0.05,0.5,0.95,0.82,1,0.75,2,27.5,11.5,0.0217,0.0033,0.052,0.0198,0.0131,0.0072,0.0027,0.0019,0.575,0.102,0.005,4,0.75,9.25,660,36,0.05,0.15,58,73,81,85.5,12,3,1,0,0,0,0,0,0,0.5,0,0,0,dryland_cropland_and_pasture
57,crgr,warm_annual,temp_gro,0,110,33.75,0.68,2.75,0.1,0.08,0.38,0.83,0.5,1,1,2,27.5,11.5,0.018,0.0027,0.032,0.0142,0.0089,0.0037,0.0016,0.0013,0.575,0.102,0.005,4,0.75,9.25,660,37.5,0.05,0.15,58,73,81,85.5,12,3,1,0,0,0,0,0,0,0.5,0,0,0,cropland/grassland_mosiac
58,crir,perennial,temp_gro,0,0,34.25,0.68,3.5,0.1,0.05,0.5,0.95,0.82,1,0.75,2,27.5,11.5,0.0217,0.0033,0.052,0.0198,0.0131,0.0072,0.0027,0.0019,0.575,0.102,0.005,4,0.75,9.25,660,36,0.05,0.15,58,73,81,85.5,12,3,1,0,0,0,0,0,0,0.5,0,0,0,irrigated_cropland_and_pasture
59,crrt,cold_annual_tuber,temp_gro,0,100,30,1.12,3.5,0.15,0.01,0.5,0.95,0.6,10,0.3,1.2,24,7,0.0135,0.0036,0.055,0.0075,0.0012,0.006,0.003,0.002,0.9,0.2,0.006,4,0.75,10,660,35,0.05,0,0,0,0,0.65,12,3,0.1,0,0,0,0,0,0,0.5,0,0,0,carrot
60,crwo,perennial,temp_gro,0,0,24.25,0.61,4,0.1,0.05,0.45,0.95,0.82,1,3.5,2.75,30,10.5,0.0107,0.0018,0.025,0.0092,0.0072,0.0034,0.0013,0.0011,0.13,0.101,0.004,4,0.75,8.25,660,26,0.05,0.12,51.5,68,78,83,12,3,1,0,0,0,0,0,0,0.5,0,0,0,cropland/woodland_mosiac
61,csil,warm_annual,temp_gro,0,120,39,0.9,4,0.15,0.05,0.5,0.95,0.7,1,2.5,2,25,8,0.014,0.0016,0.047,0.0177,0.0138,0.0048,0.0018,0.0014,0.9,0.2,0.007,4,0.75,7.2,660,45,0.05,0,0,0,0,0.65,12,3,0.1,0,0,0,0,0,0,0.5,0,0,0,corn_silage
62,csil100,warm_annual,temp_gro,0,100,39,0.9,4,0.15,0.05,0.5,0.95,0.7,1,2.5,2,25,8,0.014,0.0016,0.047,0.0177,0.0138,0.0048,0.0018,0.0014,0.9,0.2,0.007,4,0.75,7.2,660,45,0.05,0,0,0,0,0.65,12,3,0.1,0,0,0,0,0,0,0.5,0,0,0,corn_silage
63,csil110,warm_annual,temp_gro,0,110,39,0.9,4,0.15,0.05,0.5,0.95,0.7,1,2.5,2,25,8,0.014,0.0016,0.047,0.0177,0.0138,0.0048,0.0018,0.0014,0.9,0.2,0.007,4,0.75,7.2,660,45,0.05,0,0,0,0,0.65,12,3,0.1,0,0,0,0,0,0,0.5,0,0,0,corn_silage
64,csil120,warm_annual,temp_gro,0,120,39,0.9,4,0.15,0.05,0.5,0.95,0.7,1,2.5,2,25,8,0.014,0.0016,0.047,0.0177,0.0138,0.0048,0.0018,0.0014,0.9,0.2,0.007,4,0.75,7.2,660,45,0.05,0,0,0,0,0.65,12,3,0.1,0,0,0,0,0,0,0.5,0,0,0,corn_silage
65,csil90,warm_annual,temp_gro,0,90,39,0.9,4,0.15,0.05,0.5,0.95,0.7,1,2.5,2,25,8,0.014,0.0016,0.047,0.0177,0.0138,0.0048,0.0018,0.0014,0.9,0.2,0.007,4,0.75,7.2,660,45,0.05,0,0,0,0,0.65,12,3,0.1,0,0,0,0,0,0,0.5,0,0,0,corn_silage
66,cucm,warm_annual,temp_gro,0,90,30,0.27,1.5,0.15,0.05,0.5,0.95,0.6,1,0.5,1.2,32,16,0.0219,0.0043,0.0663,0.0075,0.0048,0.0053,0.0025,0.0012,0.25,0.03,0.003,4,0.75,8,660,39,0.05,0,0,0,0,0.65,12,3,0.1,0,0,0,0,0,0,0.5,0,0,0,cucumber
67,cwgr,perennial,temp_gro,0,0,35,0.9,4,0.35,0.02,0.62,0.95,0.85,1,0.9,1.3,25,6,0.05,0.004,0.03,0.02,0.012,0.002,0.0015,0.0013,0.9,0.003,0.005,4,0.75,8,660,38,0.05,2,0.3,2,30,0.4,12,3,0.1,0,0,0,0,0,0,0.5,0,0,0,crested_wheatgrass
68,cwps,warm_annual,temp_gro,0.5,100,35,0.42,4,0.15,0.01,0.5,0.95,0.8,1,1.2,2,28,14,0.0427,0.0048,0.06,0.0231,0.0134,0.0049,0.0019,0.0011,0.05,0.03,0.005,4,0.75,8,660,39,0.05,0,0,0,0,0.65,12,3,0.1,0,0,0,0,0,0,0.5,0,0,0,cowpeas
69,deil,perennial,temp_gro,0,0,30,0.9,4,0.15,0.01,0.5,0.95,0.8,1,1.5,2,15,0,0.0234,0.0033,0.056,0.021,0.012,0.0099,0.0022,0.0019,0.9,0.003,0.005,4,0.75,8,660,39,0.05,0.75,0.3,30,30,0.65,12,3,0.1,0.4,0.2,22,0.05,40,0.71,0.5,0,0,0,unknown
70,dwht,cold_annual,temp_gro,0,120,30,0.4,4,0.15,0.01,0.5,0.95,0.8,1,1,2,15,0,0.0263,0.0057,0.06,0.0231,0.013,0.0084,0.0032,0.0019,0.2,0.03,0.006,4,0.75,7,660,45,0.05,0,0,0,0,0.65,12,3,0.1,0,0,0,0,0,0,0.5,0,0,0,durum_wheat
71,dwht110,cold_annual,temp_gro,0,110,30,0.4,4,0.15,0.01,0.5,0.95,0.8,1,1,2,15,0,0.0263,0.0057,0.06,0.0231,0.013,0.0084,0.0032,0.0019,0.2,0.03,0.006,4,0.75,7,660,45,0.05,0,0,0,0,0.65,12,3,0.1,0,0,0,0,0,0,0.5,0,0,0,durum_wheat
72,dwht120,cold_annual,temp_gro,0,120,30,0.4,4,0.15,0.01,0.5,0.95,0.8,1,1,2,15,0,0.0263,0.0057,0.06,0.0231,0.013,0.0084,0.0032,0.0019,0.2,0.03,0.006,4,0.75,7,660,45,0.05,0,0,0,0,0.65,12,3,0.1,0,0,0,0,0,0,0.5,0,0,0,durum_wheat
73,egam,perennial,temp_gro,0,0,21,0.9,2.5,0.05,0.18,0.25,0.9,0.4,10,1.7,2,25,12,0.016,0.0022,0.02,0.01,0.007,0.0014,0.001,0.0007,0.9,0.003,0.005,4,0.75,10,660,58,0.05,2,0.3,2,30,0.31,12,3,0.1,0,0,0,0,0,0,0.5,0,0,0,eastern_gamagrass
74,eggp,warm_annual,temp_gro,0,90,30,0.59,3,0.15,0.05,0.5,0.95,0.6,0.1,0.5,1.2,26,15,0.0218,0.0041,0.0663,0.0255,0.0075,0.0053,0.002,0.0015,0.25,0.03,0.006,4,0.75,8,660,39,0.05,0,0,0,0,0.65,12,3,0.1,0,0,0,0,0,0,0.5,0,0,0,eggplant
75,euca,perennial,temp_gro,0,0,15,0.1,2.5,0.1,0.15,0.5,0.75,0.99,1,3.5,2,20,7,0.0019,0.0004,0.006,0.002,0.0015,0.0007,0.0004,0.0003,0.05,0.001,0.007,4,0.75,3,660,20,0.05,0.75,0.3,10,500,0.65,12,3,0.1,0.4,0.2,0,0,0,0,0.5,0,0,0,eucalyptus
76,fesc,perennial,temp_gro,0,0,30,0.9,4,0.15,0.01,0.5,0.95,0.8,1,1.5,2,15,0,0.0234,0.0033,0.056,0.021,0.012,0.0099,0.0022,0.0019,0.9,0.003,0.005,4,0.75,8,660,39,0.05,2,0.3,2,30,0.65,12,3,0.1,0,0,0,0,0,0,0.5,0,0,0,tall_fescue
77,flax,cold_annual,temp_gro,0,100,25,0.54,2.5,0.15,0.02,0.5,0.95,0.9,0.5,1.2,1.5,22.5,5,0.04,0.0033,0.0482,0.0294,0.0263,0.0049,0.0024,0.0023,0.4,0.2,0.005,4,0.75,10,660,33,0.05,0,0,0,0,0.65,12,3,0.1,0,0,0,0,0,0,0.5,0,0,0,flax
78,fodb,perennial,temp_gro,0,0,15,0.76,5,0.05,0.05,0.4,0.95,0.99,1,6,3.5,30,10,0.0015,0.0003,0.006,0.002,0.0015,0.0007,0.0004,0.0003,0.01,0.001,0.002,4,0.75,8,660,16,0.05,0.1,45,66,77,83,12,3,0,0.75,0.3,0,0,0,0,0.5,0,0,0,deciduous_broadleaf_forest
79,fodn,perennial,temp_gro,0,0,15,0.76,5,0.05,0.05,0.4,0.95,0.99,1,6,3.5,30,10,0.0015,0.0003,0.006,0.002,0.0015,0.0007,0.0004,0.0003,0.01,0.001,0.002,4,0.75,8,660,16,0.05,0.1,45,66,77,83,12,3,0,0.75,0.3,0,0,0,0,0.5,0,0,0,deciduous_needleleaf_forest
80,foeb,perennial,temp_gro,0,0,15,0.76,5,0.15,0.7,0.25,0.99,0.99,1,10,3.5,30,0,0.0015,0.0003,0.006,0.002,0.0015,0.0007,0.0004,0.0003,0.6,0.001,0.002,4,0.75,8,660,16,0.05,0.1,25,55,70,77,12,3,0,0.75,0.3,0,0,0,0,0.5,0,0,0,evergreen_broadleaf_forest
81,foen,perennial,temp_gro,0,0,15,0.76,5,0.15,0.7,0.25,0.99,0.99,1,10,3.5,30,0,0.0015,0.0003,0.006,0.002,0.0015,0.0007,0.0004,0.0003,0.6,0.001,0.002,4,0.75,8,660,16,0.05,0.1,25,55,70,77,12,3,0,0.75,0.3,0,0,0,0,0.5,0,0,0,evergreen_needleleaf_forest
82,fomi,perennial,temp_gro,0,0,15,0.76,5,0.05,0.05,0.4,0.95,0.99,1,6,3.5,30,10,0.0015,0.0003,0.006,0.002,0.0015,0.0007,0.0004,0.0003,0.01,0.001,0.002,4,0.75,8,660,16,0.05,0.1,36,60,73,79,12,3,0,0.75,0.3,0,0,0,0,0.5,0,0,0,mixed_forest
83,fpea,cold_annual,temp_gro,0.5,100,25,0.45,4,0.15,0.01,0.5,0.95,0.75,1,1.2,1.2,15,1,0.037,0.0021,0.0515,0.0335,0.0296,0.0033,0.0019,0.0014,0.1,0.01,0.005,4,0.75,10,660,30,0.05,0,0,0,0,0.65,12,3,0.1,0,0,0,0,0,0,0.5,0,0,0,field_peas
84,frsd,perennial,temp_gro,0,0,15,0.76,5,0.05,0.05,0.4,0.95,0.99,1,6,3.5,30,10,0.0015,0.0003,0.006,0.002,0.0015,0.0007,0.0004,0.0003,0.01,0.001,0.002,4,0.75,8,660,16,0.05,0.75,0.3,10,100,0.65,12,3,0.1,0,0,0,0,0,0,0.5,0,0,0,forest_deciduous
85,frsd_suhf,perennial,moisture_gro,0,0,15,0.76,5,0.05,0.05,0.4,0.95,0.99,1,6,3.5,25,12,0.0015,0.0003,0.006,0.002,0.0015,0.0007,0.0004,0.0003,0.01,0.001,0.002,4,0.75,8,660,16,0.05,2,0.3,30,140,0.65,12,3,0.1,0,0,0,0,0,0,0.5,0,0,0,forest_deciduous_subtropical_humid_forest
86,frsd_sums,perennial,moisture_gro,0,0,15,0.76,5,0.05,0.05,0.4,0.95,0.99,1,6,3.5,25,10,0.0015,0.0003,0.006,0.002,0.0015,0.0007,0.0004,0.0003,0.01,0.001,0.002,4,0.75,8,660,16,0.05,1,0.3,10,250,0.65,12,3,0.1,0,0,0,0,0,0,0.5,0,0,0,forest_deciduous_subtropical_mountain_systems
87,frsd_sust,perennial,moisture_gro,0,0,15,0.76,5,0.05,0.05,0.4,0.95,0.99,1,6,3.5,26,10,0.0015,0.0003,0.006,0.002,0.0015,0.0007,0.0004,0.0003,0.01,0.001,0.002,4,0.75,8,660,16,0.05,1,0.3,10,180,0.65,12,3,0.1,0,0,0,0,0,0,0.5,0,0,0,forest_deciduous_subtropical_steppe
88,frsd_tecf,perennial,temp_gro,0,0,15,0.76,5,0.05,0.05,0.4,0.95,0.99,1,6,3.5,20,8,0.0015,0.0003,0.006,0.002,0.0015,0.0007,0.0004,0.0003,0.01,0.001,0.002,4,0.75,8,660,16,0.05,1,0.3,10,200,0.65,12,3,0.1,0,0,0,0,0,0,0.5,0,0,0,forest_deciduous_temperate_continental_forest
89,frsd_tems,perennial,temp_gro,0,0,15,0.76,5,0.05,0.05,0.4,0.95,0.99,1,6,3.5,20,0,0.0015,0.0003,0.006,0.002,0.0015,0.0007,0.0004,0.0003,0.01,0.001,0.002,4,0.75,8,660,16,0.05,1,0.3,10,250,0.65,12,3,0.1,0,0,0,0,0,0,0.5,0,0,0,forest_deciduous_temperate_mountain_systems
90,frsd_teof,perennial,temp_gro,0,0,15,0.76,5,0.05,0.05,0.4,0.95,0.99,1,6,3.5,20,10,0.0015,0.0003,0.006,0.002,0.0015,0.0007,0.0004,0.0003,0.01,0.001,0.002,4,0.75,8,660,16,0.05,1,0.3,10,250,0.65,12,3,0.1,0,0,0,0,0,0,0.5,0,0,0,forest_deciduous_temperate_oceanic_forest
91,frsd_test,perennial,temp_gro,0,0,15,0.76,5,0.05,0.05,0.4,0.95,0.99,1,6,3.5,25,0,0.0015,0.0003,0.006,0.002,0.0015,0.0007,0.0004,0.0003,0.01,0.001,0.002,4,0.75,8,660,16,0.05,1,0.3,10,180,0.65,12,3,0.1,0,0,0,0,0,0,0.5,0,0,0,forest_deciduous_temperate_steppe
92,frse,perennial,temp_gro,0,0,15,0.76,5,0.15,0.7,0.25,0.99,0.99,1,10,3.5,30,0,0.0015,0.0003,0.006,0.002,0.0015,0.0007,0.0004,0.0003,0.6,0.001,0.002,4,0.75,8,660,16,0.05,0.75,0.3,30,100,0.65,12,3,0.1,0.4,0.2,100,0.05,1000,0.95,0.5,0,0,0,forest_evergreen
93,frse_sudrf,perennial,moisture_gro,0,0,15,0.76,4,0.15,0.7,0.25,0.99,0.99,1,10,3.5,15,5,0.0015,0.0003,0.006,0.002,0.0015,0.0007,0.0004,0.0003,0.6,0.001,0.002,4,0.75,8,660,16,0.05,3,0.3,30,140,0.65,12,3,0.1,0.4,0.2,100,0.05,1000,0.95,0.5,0,0,0,forest_evergreen_subtropical_dry_forest
94,frse_suds,perennial,moisture_gro,0,0,15,0.76,2,0.15,0.7,0.25,0.99,0.99,1,10,3.5,26,5,0.0015,0.0003,0.006,0.002,0.0015,0.0007,0.0004,0.0003,0.6,0.001,0.002,4,0.75,8,660,16,0.05,1,0.3,30,140,0.65,12,3,0.1,0.4,0.2,100,0.05,1000,0.95,0.5,0,0,0,forest_evergreen_subtropical_desert
95,frse_suhf,perennial,moisture_gro,0,0,15,0.76,5,0.15,0.7,0.25,0.99,0.99,1,10,3.5,25,12,0.0015,0.0003,0.006,0.002,0.0015,0.0007,0.0004,0.0003,0.6,0.001,0.002,4,0.75,8,660,16,0.05,4,0.3,30,140,0.65,12,3,0.1,0.4,0.2,100,0.05,1000,0.95,0.5,0,0,0,forest_evergreen_subtropical_humid_forest
96,frse_sums,perennial,moisture_gro,0,0,15,0.76,5,0.15,0.7,0.25,0.99,0.99,1,10,3.5,25,10,0.0015,0.0003,0.006,0.002,0.0015,0.0007,0.0004,0.0003,0.6,0.001,0.002,4,0.75,8,660,16,0.05,4,0.3,30,250,0.65,12,3,0.1,0.4,0.2,100,0.05,1000,0.95,0.5,0,0,0,forest_evergreen_subtropical_mountain_systems
97,frse_sust,perennial,moisture_gro,0,0,15,0.76,5,0.15,0.7,0.25,0.99,0.99,1,10,3.5,26,10,0.0015,0.0003,0.006,0.002,0.0015,0.0007,0.0004,0.0003,0.6,0.001,0.002,4,0.75,8,660,16,0.05,3,0.3,30,180,0.65,12,3,0.1,0.4,0.2,100,0.05,1000,0.95,0.5,0,0,0,forest_evergreen_subtropical_steppe
98,frse_tecf,perennial,temp_gro,0,0,15,0.76,5,0.15,0.7,0.25,0.99,0.99,1,10,3.5,20,8,0.0015,0.0003,0.006,0.002,0.0015,0.0007,0.0004,0.0003,0.6,0.001,0.002,4,0.75,8,660,16,0.05,4,0.3,30,200,0.65,12,3,0.1,0.4,0.2,100,0.05,1000,0.95,0.5,0,0,0,forest_evergreen_temperate_continental_forest
99,frse_teds,perennial,temp_gro,0,0,15,0.76,2,0.15,0.7,0.25,0.99,0.99,1,10,3.5,26,5,0.0015,0.0003,0.006,0.002,0.0015,0.0007,0.0004,0.0003,0.6,0.001,0.002,4,0.75,8,660,16,0.05,1,0.3,30,140,0.65,12,3,0.1,0.4,0.2,100,0.05,1000,0.95,0.5,0,0,0,forest_evergreen_temperate_desert
100,frse_tems,perennial,temp_gro,0,0,15,0.76,5,0.15,0.7,0.25,0.99,0.99,1,10,3.5,20,0,0.0015,0.0003,0.006,0.002,0.0015,0.0007,0.0004,0.0003,0.6,0.001,0.002,4,0.75,8,660,16,0.05,4,0.3,30,250,0.65,12,3,0.1,0.4,0.2,100,0.05,1000,0.95,0.5,0,0,0,forest_evergreen_temperate_mountain_systems
101,frse_teof,perennial,temp_gro,0,0,15,0.76,5,0.15,0.7,0.25,0.99,0.99,1,10,3.5,20,10,0.0015,0.0003,0.006,0.002,0.0015,0.0007,0.0004,0.0003,0.6,0.001,0.002,4,0.75,8,660,16,0.05,4,0.3,30,350,0.65,12,3,0.1,0.4,0.2,100,0.05,1000,0.95,0.5,0,0,0,forest_evergreen_temperate_oceanic_forest
102,frse_test,perennial,temp_gro,0,0,15,0.76,5,0.15,0.7,0.25,0.99,0.99,1,10,3.5,25,0,0.0015,0.0003,0.006,0.002,0.0015,0.0007,0.0004,0.0003,0.6,0.001,0.002,4,0.75,8,660,16,0.05,3,0.3,30,180,0.65,12,3,0.1,0.4,0.2,100,0.05,1000,0.95,0.5,0,0,0,forest_evergreen_temperate_steppe
103,frst,perennial,temp_gro,0,0,15,0.76,5,0.05,0.05,0.4,0.95,0.99,1,6,3.5,30,10,0.0015,0.0003,0.006,0.002,0.0015,0.0007,0.0004,0.0003,0.01,0.005,0.002,4,0.75,8,660,16,0.05,0.75,0.3,50,100,0.65,12,3,0.1,0,0,0,0,0,0,0.5,0,0,0,forest_mixed
104,frst_suhf,perennial,moisture_gro,0,0,15,0.76,5,0.05,0.05,0.4,0.95,0.99,1,6,3.5,25,12,0.0015,0.0003,0.006,0.002,0.0015,0.0007,0.0004,0.0003,0.01,0.005,0.002,4,0.75,8,660,16,0.05,3,0.3,50,140,0.65,12,3,0.1,0,0,0,0,0,0,0.5,0,0,0,forest_mixed_subtropical_humid_forest
105,frst_sums,perennial,moisture_gro,0,0,15,0.76,5,0.05,0.05,0.4,0.95,0.99,1,6,3.5,25,10,0.0015,0.0003,0.006,0.002,0.0015,0.0007,0.0004,0.0003,0.01,0.005,0.002,4,0.75,8,660,16,0.05,3,0.3,50,250,0.65,12,3,0.1,0,0,0,0,0,0,0.5,0,0,0,forest_mixed_subtropical_mountain_systems
106,frst_sust,perennial,moisture_gro,0,0,15,0.76,5,0.05,0.05,0.4,0.95,0.99,1,6,3.5,26,10,0.0015,0.0003,0.006,0.002,0.0015,0.0007,0.0004,0.0003,0.01,0.005,0.002,4,0.75,8,660,16,0.05,2,0.3,50,180,0.65,12,3,0.1,0,0,0,0,0,0,0.5,0,0,0,forest_mixed_subtropical_steppe
107,frst_tecf,perennial,temp_gro,0,0,15,0.76,5,0.05,0.05,0.4,0.95,0.99,1,6,3.5,20,8,0.0015,0.0003,0.006,0.002,0.0015,0.0007,0.0004,0.0003,0.01,0.005,0.002,4,0.75,8,660,16,0.05,3,0.3,50,200,0.65,12,3,0.1,0,0,0,0,0,0,0.5,0,0,0,forest_mixed_temperate_continental_forest
108,frst_tems,perennial,temp_gro,0,0,15,0.76,5,0.05,0.05,0.4,0.95,0.99,1,6,3.5,20,0,0.0015,0.0003,0.006,0.002,0.0015,0.0007,0.0004,0.0003,0.01,0.005,0.002,4,0.75,8,660,16,0.05,3,0.3,50,250,0.65,12,3,0.1,0,0,0,0,0,0,0.5,0,0,0,forest_mixed_temperate_mountain_systems
109,frst_teof,perennial,temp_gro,0,0,15,0.76,5,0.05,0.05,0.4,0.95,0.99,1,6,3.5,20,10,0.0015,0.0003,0.006,0.002,0.0015,0.0007,0.0004,0.0003,0.01,0.005,0.002,4,0.75,8,660,16,0.05,3,0.3,50,250,0.65,12,3,0.1,0,0,0,0,0,0,0.5,0,0,0,forest_mixed_temperate_oceanic_forest
110,frst_test,perennial,temp_gro,0,0,15,0.76,5,0.05,0.05,0.4,0.95,0.99,1,6,3.5,25,0,0.0015,0.0003,0.006,0.002,0.0015,0.0007,0.0004,0.0003,0.01,0.005,0.002,4,0.75,8,660,16,0.05,2,0.3,50,180,0.65,12,3,0.1,0,0,0,0,0,0,0.5,0,0,0,forest_mixed_temperate_steppe
111,grap,perennial,temp_gro,0,0,30,0.02,2,0.05,0.01,0.5,0.95,0.9,1,2,2,30,10,0.02,0.0025,0.01,0.004,0.003,0.0014,0.0008,0.0006,0.01,0.1,0.005,1.1,0.75,8,660,40,0.05,0.01,0.3,2,10,0.65,12,3,0.1,0,0,0,0,0,0,0.5,0,0,0,grape
112,grar,perennial,temp_gro,0,0,16.1,0.05,2,0.05,0.05,0.4,0.95,0.99,1,6,3.5,30,10,0.0015,0.0003,0.02,0.01,0.008,0.0007,0.0004,0.0003,0.01,0.001,0.0036,4,0.75,8,660,18,0.05,0.75,0.3,10,50,0.61,12,3,0.1,0,0,0,0,0,0,0.5,0,0,0,grape_red
113,gras,perennial,temp_gro,0,0,34,0.9,2.5,0.05,0.1,0.25,0.7,0.35,1,1,2,25,12,0.016,0.0022,0.02,0.012,0.005,0.0014,0.001,0.0007,0.9,0.003,0.005,4,0.75,10,660,39,0.05,0.15,49,69,79,84,12,3,0,0,0,0,0,0,0,0.5,0,0,0,grassland
114,grbn,warm_annual,temp_gro,0.5,90,25,0.1,1.5,0.1,0.05,0.8,0.95,0.9,1,0.6,1.2,19,10,0.0299,0.0039,0.004,0.003,0.0015,0.004,0.0035,0.0015,0.1,0.2,0.008,4,0.75,5,660,34,0.05,0,0,0,0,0.65,12,3,0.1,0,0,0,0,0,0,0.5,0,0,0,green_beans
115,grsg,warm_annual,temp_gro,0,110,33.5,0.45,3,0.15,0.05,0.5,0.95,0.64,0.5,1,2,30,11,0.0199,0.0032,0.044,0.0164,0.0128,0.006,0.0022,0.0018,0.25,0.2,0.005,4,0.75,8.5,660,36,0.05,0,0,0,0,0.65,12,3,0.1,0,0,0,0,0,0,0.5,0,0,0,grain_sorghum
116,grsg100,warm_annual,temp_gro,0,100,33.5,0.45,3,0.15,0.05,0.5,0.95,0.64,0.5,1,2,30,11,0.0199,0.0032,0.044,0.0164,0.0128,0.006,0.0022,0.0018,0.25,0.2,0.005,4,0.75,8.5,660,36,0.05,0,0,0,0,0.65,12,3,0.1,0,0,0,0,0,0,0.5,0,0,0,grain_sorghum
117,grsg105,warm_annual,temp_gro,0,105,33.5,0.45,3,0.15,0.05,0.5,0.95,0.64,0.5,1,2,30,11,0.0199,0.0032,0.044,0.0164,0.0128,0.006,0.0022,0.0018,0.25,0.2,0.005,4,0.75,8.5,660,36,0.05,0,0,0,0,0.65,12,3,0.1,0,0,0,0,0,0,0.5,0,0,0,grain_sorghum
118,grsg110,warm_annual,temp_gro,0,110,33.5,0.45,3,0.15,0.05,0.5,0.95,0.64,0.5,1,2,30,11,0.0199,0.0032,0.044,0.0164,0.0128,0.006,0.0022,0.0018,0.25,0.2,0.005,4,0.75,8.5,660,36,0.05,0,0,0,0,0.65,12,3,0.1,0,0,0,0,0,0,0.5,0,0,0,grain_sorghum
119,grsg95,warm_annual,temp_gro,0,95,33.5,0.45,3,0.15,0.05,0.5,0.95,0.64,0.5,1,2,30,11,0.0199,0.0032,0.044,0.0164,0.0128,0.006,0.0022,0.0018,0.25,0.2,0.005,4,0.75,8.5,660,36,0.05,0,0,0,0,0.65,12,3,0.1,0,0,0,0,0,0,0.5,0,0,0,grain_sorghum
120,hay,perennial,temp_gro,0,0,35,0.9,4,0.05,0.05,0.49,0.95,0.99,0.1,0.5,2,25,12,0.0234,0.0033,0.06,0.0231,0.0134,0.0084,0.0032,0.0019,0.9,0.003,0.005,4,0.75,10,660,36,0.05,0.75,0.3,2,40,0.65,12,3,0.1,0,0,0,0,0,0,0.5,0,0,0,hay
121,hmel,warm_annual,temp_gro,0,90,30,0.55,4,0.15,0.05,0.5,0.95,0.6,1,0.5,1.2,35,16,0.0071,0.001,0.007,0.004,0.002,0.0026,0.002,0.0017,0.25,0.03,0.006,4,0.75,3,660,39,0.05,0,0,0,0,0.65,12,3,0.1,0,0,0,0,0,0,0.5,0,0,0,honeydew_melon
122,indn,perennial,temp_gro,0,0,34,0.9,3,0.05,0.1,0.25,0.7,0.35,10,1,2,25,12,0.016,0.0022,0.02,0.012,0.005,0.0014,0.001,0.0007,0.9,0.003,0.005,4,0.75,10,660,39,0.05,2,0.3,2,30,0.36,12,3,0.1,0,0,0,0,0,0,0.5,0,0,0,indiangrass
123,jhgr,perennial,temp_gro,0,0,35,0.9,2.5,0.15,0.05,0.57,0.95,0.5,1,1,2,30,11,0.02,0.0028,0.044,0.0164,0.0128,0.006,0.0022,0.0018,0.9,0.2,0.005,4,0.75,8.5,660,36,0.05,2,0.3,2,30,0.65,12,3,0.1,0,0,0,0,0,0,0.5,0,0,0,johnsongrass
124,lbls,perennial,temp_gro,0,0,34,0.9,2.5,0.05,0.1,0.25,0.7,0.35,1,1,2,25,12,0.016,0.0022,0.02,0.012,0.005,0.0014,0.001,0.0007,0.9,0.003,0.005,4,0.75,10,660,39,0.05,2,0.3,2,30,0.36,12,3,0.1,0.4,0.2,22,0.05,40,0.71,0.5,0,0,0,little_bluestem
125,ldgp,perennial,temp_gro,0,0,15,0.76,5,15,0.7,25,0.99,0.99,1,25,3,30,0,0.0015,0.0003,0.006,0.002,0.0015,0.0007,0.0004,0.0003,0.6,0.001,0.007,-6.5,1,8,660,15,0.05,0.75,0.3,50,100,0.52,12,3,0.1,0,0,0,0,0,0,0.5,0,0,0,lodge_pole_pine
126,lent,warm_annual,temp_gro,0.5,85,20,0.61,4,0.15,0.02,0.5,0.95,0.9,0.5,0.55,1.2,20,3,0.0506,0.0051,0.044,0.0164,0.0128,0.0074,0.0037,0.0023,0.01,0.2,0.005,4,0.75,10,660,33,0.05,0,0,0,0,0.65,12,3,0.1,0,0,0,0,0,0,0.5,0,0,0,lentils
127,lett,cold_annual,temp_gro,0,90,23,0.8,4.2,0.25,0.23,0.4,0.86,1,0.5,0.2,0.6,18,7,0.0393,0.0049,0.036,0.025,0.021,0.0084,0.0032,0.0019,0.01,0.01,0.003,4,0.75,8,660,25,0.05,0,0,0,0,0.65,12,3,0.1,0,0,0,0,0,0,0.5,0,0,0,head_lettuce
128,lima,warm_annual,temp_gro,0.5,100,25,0.3,2.5,0.1,0.05,0.8,0.95,0.9,0.1,0.6,2,26,18,0.0368,0.0046,0.004,0.003,0.0015,0.0035,0.003,0.0015,0.22,0.2,0.005,4,0.75,5,660,34,0.05,0,0,0,0,0.65,12,3,0.1,0,0,0,0,0,0,0.5,0,0,0,lima_beans
129,mapl,perennial,temp_gro,0,0,15,0.1,4,0.1,0.15,0.5,0.75,0.99,1,3.5,2,20,7,0.0019,0.0004,0.006,0.002,0.0015,0.0007,0.0004,0.0003,0.05,0.001,0.007,4,0.75,3,660,20,0.05,0.75,3,10,500,0.65,12,3,0.1,0,0,0,0,0,0,0.5,0,0,0,maple_tree
130,mesq,perennial,temp_gro,0,0,16.1,0.05,1.25,0.05,0.05,0.4,0.95,0.99,1,6,3.5,30,10,0.0015,0.0003,0.02,0.01,0.008,0.0007,0.0004,0.0003,0.01,0.001,0.004,4,0.75,8,660,18,0.05,0.75,0.3,10,50,0.61,12,3,0.1,0,0,0,0,0,0,0.5,0,0,0,honey_mesquite
131,migs,perennial,temp_gro,0,0,34,0.9,2.25,0.05,0.1,0.25,0.7,0.35,1,1,2,25,12,0.016,0.0022,0.02,0.012,0.005,0.0014,0.001,0.0007,0.9,0.003,0.005,4,0.75,10,660,39,0.05,0.15,44,65,76.5,82,12,3,0,0,0,0,0,0,0,0.5,0,0,0,mixed_grassland/shrubland
132,mint,cold_annual,temp_gro,0,0,3.2,1,3.5,0.15,0.01,0.56,0.99,0.95,1,0.3,1,30,5,0.0135,0.0036,0.055,0.0075,0.0012,0.006,0.003,0.002,0.9,0.2,0.006,4,0.75,10,660,35,0.05,0,0,0,0,0.65,12,3,0.1,0,0,0,0,0,0,0.5,0,0,0,mint
133,mixc,warm_annual,temp_gro,0,110,33.5,0.45,3,0.15,0.05,0.5,0.95,0.64,1,1,2,30,11,0.0199,0.0032,0.044,0.0164,0.0128,0.006,0.0022,0.0018,0.25,0.2,0.005,4,0.75,8.5,660,36,0.05,0.14,67,77,83,87,12,3,1,0,0,0,0,0,0,0.5,0,0,0,mixed_dryland/irrigated_cropland
134,mung,warm_annual,temp_gro,0.5,100,25,0.31,4,0.15,0.01,0.5,0.95,0.9,10,1.5,2,30,15,0.042,0.004,0.0524,0.0265,0.0258,0.0074,0.0037,0.0035,0.01,0.2,0.005,4,0.75,10,660,33,0.05,0,0,0,0,0.65,12,3,0.1,0,0,0,0,0,0,0.5,0,0,0,mung_beans
135,oak,perennial,temp_gro,0,0,15,0.76,5,0.05,0.05,0.4,0.95,0.99,1,6,3.5,30,10,0.0015,0.0003,0.006,0.002,0.0015,0.0007,0.0004,0.0003,0.01,0.001,0.002,4,0.75,8,660,16,0.05,0.75,0.3,50,100,0.65,12,3,0.1,0,0,0,0,0,0,0.5,0,0,0,oak
136,oats,cold_annual,temp_gro,0,120,35,0.42,4,0.15,0.02,0.5,0.95,0.8,1,1.5,2,15,0,0.0316,0.0057,0.06,0.0231,0.0134,0.0084,0.0032,0.0019,0.17,0.03,0.005,4,0.75,10,660,45,0.05,0,0,0,0,0.45,12,3,0.1,0,0,0,0,0,0,0.5,0,0,0,oats
137,oats110,cold_annual,temp_gro,0,110,35,0.42,4,0.15,0.02,0.5,0.95,0.8,1,1.5,2,15,0,0.0316,0.0057,0.06,0.0231,0.0134,0.0084,0.0032,0.0019,0.17,0.03,0.005,4,0.75,10,660,45,0.05,0,0,0,0,0.45,12,3,0.1,0,0,0,0,0,0,0.5,0,0,0,oats
138,oats120,cold_annual,temp_gro,0,120,35,0.42,4,0.15,0.02,0.5,0.95,0.8,1,1.5,2,15,0,0.0316,0.0057,0.06,0.0231,0.0134,0.0084,0.0032,0.0019,0.17,0.03,0.005,4,0.75,10,660,45,0.05,0,0,0,0,0.45,12,3,0.1,0,0,0,0,0,0,0.5,0,0,0,oats
139,oilp,perennial,temp_gro,0,0,12,0.18,5,0.1,0.15,0.5,0.75,0.99,1,3.5,2,20,7,0.0019,0.0004,0.006,0.002,0.0015,0.0007,0.0004,0.0003,0.05,0.001,0.0071,4,0.75,3,660,20,0.05,0.75,0.3,10,50,0.65,12,3,0.1,0,0,0,0,0,0,0.5,0,0,0,oil_palm_tree
140,oliv,perennial,temp_gro,0,0,16.1,0.05,0.8,0.05,0.05,0.4,0.95,0.99,1,6,3.5,30,10,0.0015,0.0003,0.02,0.01,0.008,0.0007,0.0004,0.0003,0.01,0.001,0.0036,4,0.75,8,660,18,0.05,0.75,0.3,10,50,0.61,12,3,0.1,0,0,0,0,0,0,0.5,0,0,0,olive
141,onio,cold_annual,temp_gro,0,100,30,1.25,1.5,0.15,0.01,0.5,0.95,0.6,10,0.5,0.6,19,7,0.0206,0.0032,0.04,0.03,0.002,0.0021,0.002,0.0019,0.95,0.2,0.006,4,0.75,10,660,35,0.05,0,0,0,0,0.65,12,3,0.1,0,0,0,0,0,0,0.5,0,0,0,onion
142,oran,perennial,temp_gro,0,0,15,0.14,2,0.1,0.15,0.5,0.75,0.99,1,3.5,2,20,7,0.0019,0.0004,0.006,0.002,0.0015,0.0007,0.0004,0.0003,0.09,0.001,0.005,4,3,3,660,20,0.05,0.01,0.3,10,30,0.65,12,3,0.1,0,0,0,0,0,0,0.5,0,0,0,orange
143,orcd,perennial,temp_gro,0,0,15,0.1,4,0.1,0.15,0.5,0.75,0.99,1,3.5,2,20,7,0.0019,0.0004,0.006,0.002,0.0015,0.0007,0.0004,0.0003,0.05,0.001,0.007,4,0.75,3,660,20,0.05,0.75,0.3,10,50,0.65,12,3,0.1,0,0,0,0,0,0,0.5,0,0,0,orchard
144,papa,perennial,temp_gro,0,0,30,0.44,4.5,0.05,0.05,0.4,0.95,0.99,1,7.5,3.5,30,10,0.5,0.0008,0.06,0.032,0.016,0.003,0.002,0.001,0.01,0.001,0.0036,4,0.75,8,660,31,0.05,0.75,0.3,10,20,0.45,12,3,0.1,0,0,0,0,0,0,0.5,0,0,0,papayas
145,part,warm_annual,temp_gro,0,100,33,0.4,3,0.15,0.5,0.5,0.95,0.6,1,1,2,25,10,0.065,0.0091,0.03,0.0265,0.0258,0.0074,0.0037,0.0035,0.2,0.001,0.007,4,0.75,8,660,45,0.05,0.01,1,10,50,0.6,12,3,0.99,0,0,0,0,0,0,0.5,0,0,0,parthenium
146,past,perennial,temp_gro,0,0,35,0.9,4,0.05,0.05,0.49,0.95,0.99,10,0.5,2,25,12,0.0234,0.0033,0.06,0.0231,0.0134,0.0084,0.0032,0.0019,0.9,0.005,0.005,4,0.75,10,660,36,0.05,2,0.3,2,40,0.65,12,3,0.1,0,0,0,0,0,0,0.5,0,0,0,pasture
147,peas,cold_annual,temp_gro,0.5,100,25,0.3,2.5,0.1,0.05,0.8,0.95,0.6,1,0.6,1.2,14,5,0.041,0.0051,0.004,0.003,0.0015,0.003,0.002,0.0015,0.22,0.2,0.005,4,0.75,5,660,34,0.05,0,0,0,0,0.65,12,3,0.1,0,0,0,0,0,0,0.5,0,0,0,garden_peas
148,pepp,perennial,temp_gro,0,0,30,0.6,2,0.15,0.05,0.5,0.95,0.6,0.1,0.8,1.1,27,18,0.003,0.002,0.06,0.035,0.025,0.0053,0.002,0.0012,0.3,0,0.007,0.5,0.75,8,660,39,0.05,0,0,0,0,0.65,12,3,0.1,0,0,0,0,0,0,0.5,0,0,0,peppers
149,pepr,warm_annual,temp_gro,0,90,30,0.6,5,0.15,0.05,0.5,0.95,0.6,1,0.5,1.2,27,18,0.0188,0.003,0.06,0.035,0.025,0.0053,0.002,0.0012,0.25,0.03,0.005,4,0.75,8,660,39,0.05,0,0,0,0,0.65,12,3,0.1,0,0,0,0,0,0,0.5,0,0,0,bell_pepper
150,pine,perennial,temp_gro,0,0,15,0.76,5,0.15,0.7,0.25,0.99,0.99,1,10,3.5,30,0,0.0015,0.0003,0.006,0.002,0.0015,0.0007,0.0004,0.0003,0.6,0.001,0.002,4,0.75,8,660,16,0.05,0.75,0.3,50,100,0.65,12,3,0.1,0,0,0,0,0,0,0.5,0,0,0,pine
151,pinp,perennial,temp_gro,0,0,30,0.7,4,0.05,0.05,0.4,0.95,0.99,1,1,3.5,30,10,0.0064,0.0008,0.06,0.032,0.016,0.003,0.002,0.001,0.01,0.001,0.0036,4,0.75,8,660,31,0.05,0.75,0.3,10,20,0.45,12,3,0.1,0,0,0,0,0,0,0.5,0,0,0,pineapple
152,plan,perennial,temp_gro,0,0,30,0.44,4.5,0.05,0.05,0.4,0.95,0.99,1,7.5,3.5,30,10,0.0064,0.0008,0.06,0.032,0.016,0.003,0.002,0.001,0.01,0.001,0.0036,4,0.75,8,660,31,0.05,0.75,0.3,10,20,0.45,12,3,0.1,0,0,0,0,0,0,0.5,0,0,0,plaintains
153,pmil,warm_annual,temp_gro,0,110,35,0.25,2.5,0.15,0.01,0.5,0.95,0.85,1,3,2,30,10,0.02,0.0028,0.044,0.03,0.01,0.006,0.0022,0.0012,0.1,0.2,0.014,4,0.75,8,660,40,0.05,0,0,0,0,0.65,12,3,0.1,0,0,0,0,0,0,0.5,0,0,0,pearl_millet
154,pmil100,warm_annual,temp_gro,0,100,35,0.25,2.5,0.15,0.01,0.5,0.95,0.85,1,3,2,30,10,0.02,0.0028,0.044,0.03,0.01,0.006,0.0022,0.0012,0.1,0.2,0.014,4,0.75,8,660,40,0.05,0,0,0,0,0.65,12,3,0.1,0,0,0,0,0,0,0.5,0,0,0,pearl_millet
155,pmil105,warm_annual,temp_gro,0,105,35,0.25,2.5,0.15,0.01,0.5,0.95,0.85,1,3,2,30,10,0.02,0.0028,0.044,0.03,0.01,0.006,0.0022,0.0012,0.1,0.2,0.014,4,0.75,8,660,40,0.05,0,0,0,0,0.65,12,3,0.1,0,0,0,0,0,0,0.5,0,0,0,pearl_millet
156,pmil110,warm_annual,temp_gro,0,110,35,0.25,2.5,0.15,0.01,0.5,0.95,0.85,1,3,2,30,10,0.02,0.0028,0.044,0.03,0.01,0.006,0.0022,0.0012,0.1,0.2,0.014,4,0.75,8,660,40,0.05,0,0,0,0,0.65,12,3,0.1,0,0,0,0,0,0,0.5,0,0,0,pearl_millet
157,pmil95,warm_annual,temp_gro,0,95,35,0.25,2.5,0.15,0.01,0.5,0.95,0.85,1,3,2,30,10,0.02,0.0028,0.044,0.03,0.01,0.006,0.0022,0.0012,0.1,0.2,0.014,4,0.75,8,660,40,0.05,0,0,0,0,0.65,12,3,0.1,0,0,0,0,0,0,0.5,0,0,0,pearl_millet
158,pnut,warm_annual_tuber,temp_gro,0.5,110,20,0.4,4,0.15,0.01,0.5,0.95,0.75,0.5,0.5,2,27,14,0.0505,0.004,0.0524,0.0265,0.0258,0.0074,0.0037,0.0035,0.3,0.2,0.006,4,0.75,4,660,25,0.05,0,0,0,0,0.65,12,3,0.1,0,0,0,0,0,0,0.5,0,0,0,peanut
159,popl,perennial,temp_gro,0,0,30,0.76,5,0.05,0.05,0.4,0.95,0.99,1,7.5,3.5,30,10,0.0015,0.0003,0.006,0.002,0.0015,0.0007,0.0004,0.0003,0.01,0.001,0.004,4,0.75,8,660,31,0.05,0.75,0.3,10,20,0.45,12,3,0.1,0,0,0,0,0,0,0.5,0,0,0,poplar
160,popy,warm_annual,temp_gro,0,100,34,0.3,4.5,0.15,0.02,0.45,0.95,0.78,1,1.3,1.4,21,5,0.038,0.0079,0.044,0.0164,0.0128,0.0074,0.0037,0.0023,0.12,0.2,0.0073,4,0.75,10,660,46,0.05,0.01,0,0,0,0.95,12,3,0.1,0,0,0,0,0,0,0.5,0,0,0,poppy
161,pota,cold_annual_tuber,temp_gro,0,100,25,0.95,4,0.15,0.01,0.5,0.95,0.6,10,0.6,0.6,22,7,0.0246,0.0023,0.055,0.02,0.012,0.006,0.0025,0.0019,0.95,0.2,0.005,4,0.75,14.8,660,30,0.05,0,0,0,0,0.65,12,3,0.1,0,0,0,0,0,0,0.5,0,0,0,potato
162,ptbn,warm_annual,temp_gro,0.5,90,25,0.3,1.5,0.15,0.05,0.5,0.95,0.9,1,0.8,1.7,25,10,0.065,0.0091,0.0524,0.0265,0.0258,0.0074,0.0037,0.0035,0.01,0.2,0.0071,4,0.75,8,660,34,0.05,0,0,0,0,0.45,12,3,0.1,0,0,0,0,0,0,0.5,0,0,0,pinto_beans
163,radi,cold_annual_tuber,temp_gro,0,90,30,1.12,3.5,0.15,0.01,0.5,0.95,0.6,1,0.3,1.2,24,7,0.0135,0.0036,0.055,0.0075,0.0012,0.006,0.003,0.002,0.9,0.2,0.006,4,0.75,10,660,35,0.05,0,0,0,0,0.65,12,3,0.1,0,0,0,0,0,0,0.5,0,0,0,radish
164,rice,warm_annual,temp_gro,0,180,22,0.5,5,0.3,0.01,0.7,0.95,0.8,0.5,0.8,0.9,25,10,0.0136,0.0013,0.05,0.02,0.01,0.006,0.003,0.0018,0.25,0.03,0.008,4,0.75,5,660,31,0.05,0,0,0,0,0.35,12,3,0.1,0,0,0,0,0,0,0.5,0,0,0,rice
165,rice120,warm_annual,temp_gro,0,120,22,0.5,5,0.3,0.01,0.7,0.95,0.8,0.5,0.8,0.9,25,10,0.0136,0.0013,0.05,0.02,0.01,0.006,0.003,0.0018,0.25,0.03,0.008,4,0.75,5,660,31,0.05,0,0,0,0,0.35,12,3,0.1,0,0,0,0,0,0,0.5,0,0,0,rice
166,rice140,warm_annual,temp_gro,0,140,22,0.5,5,0.3,0.01,0.7,0.95,0.8,0.5,0.8,0.9,25,10,0.0136,0.0013,0.05,0.02,0.01,0.006,0.003,0.0018,0.25,0.03,0.008,4,0.75,5,660,31,0.05,0,0,0,0,0.35,12,3,0.1,0,0,0,0,0,0,0.5,0,0,0,rice
167,rice160,warm_annual,temp_gro,0,160,22,0.5,5,0.3,0.01,0.7,0.95,0.8,0.5,0.8,0.9,25,10,0.0136,0.0013,0.05,0.02,0.01,0.006,0.003,0.0018,0.25,0.03,0.008,4,0.75,5,660,31,0.05,0,0,0,0,0.35,12,3,0.1,0,0,0,0,0,0,0.5,0,0,0,rice
168,rice180,warm_annual,temp_gro,0,180,22,0.5,5,0.3,0.01,0.7,0.95,0.8,0.5,0.8,0.9,25,10,0.0136,0.0013,0.05,0.02,0.01,0.006,0.003,0.0018,0.25,0.03,0.008,4,0.75,5,660,31,0.05,0,0,0,0,0.35,12,3,0.1,0,0,0,0,0,0,0.5,0,0,0,rice
169,rngb,perennial,temp_gro,0,0,34,0.9,2,0.05,0.1,0.25,0.7,0.35,1,1,2,25,12,0.016,0.0022,0.02,0.012,0.005,0.0014,0.001,0.0007,0.9,0.003,0.005,4,0.75,10,660,39,0.05,0.05,0.3,10,30,0.33,12,3,0.1,0,0,0,0,0,0,0.5,0,0,0,range_brush
170,rngb_sudrf,perennial,moisture_gro,0,0,34,0.9,2.5,0.05,0.1,0.25,0.7,0.35,1,1,2,15,5,0.016,0.0022,0.02,0.012,0.005,0.0014,0.001,0.0007,0.9,0.003,0.005,4,0.75,10,660,39,0.05,2,0.3,30,140,0.33,12,3,0.1,0,0,0,0,0,0,0.5,0,0,0,range_brush_subtropical_dry_forest
171,rngb_suds,perennial,temp_gro,0,0,34,0.9,1.5,0.05,0.1,0.25,0.7,0.35,1,1,2,28,12,0.016,0.0022,0.02,0.012,0.005,0.0014,0.001,0.0007,0.9,0.003,0.005,4,0.75,10,660,39,0.05,0.4,0.3,30,18,0.33,12,3,0.1,0,0,0,0,0,0,0.5,0,0,0,range_brush_subtropical_desert
172,rngb_suhf,perennial,moisture_gro,0,0,34,0.9,2,0.05,0.1,0.25,0.7,0.35,1,1,2,26,12,0.016,0.0022,0.02,0.012,0.005,0.0014,0.001,0.0007,0.9,0.003,0.005,4,0.75,10,660,39,0.05,1,0.3,30,53,0.33,12,3,0.1,0,0,0,0,0,0,0.5,0,0,0,range_brush_subtropical_humid_forest
173,rngb_sums,perennial,moisture_gro,0,0,34,0.9,2,0.05,0.1,0.25,0.7,0.35,1,1,2,26,10,0.016,0.0022,0.02,0.012,0.005,0.0014,0.001,0.0007,0.9,0.003,0.005,4,0.75,10,660,39,0.05,1,0.3,30,53,0.33,12,3,0.1,0,0,0,0,0,0,0.5,0,0,0,range_brush_subtropical_mountain_systems
174,rngb_sust,perennial,moisture_gro,0,0,34,0.9,3,0.05,0.1,0.25,0.7,0.35,1,1,2,26,10,0.016,0.0022,0.02,0.012,0.005,0.0014,0.001,0.0007,0.9,0.003,0.005,4,0.75,10,660,39,0.05,0.3,0.3,30,53,0.33,12,3,0.1,0,0,0,0,0,0,0.5,0,0,0,range_brush_subtropical_steppe
175,rngb_tecf,perennial,temp_gro,0,0,34,0.9,2,0.05,0.1,0.25,0.7,0.35,1,1,2,20,8,0.016,0.0022,0.02,0.012,0.005,0.0014,0.001,0.0007,0.9,0.003,0.005,4,0.75,10,660,39,0.05,1,0.3,30,53,0.33,12,3,0.1,0,0,0,0,0,0,0.5,0,0,0,range_brush_temperate_continental_forest
176,rngb_teds,perennial,temp_gro,0,0,34,0.9,1.5,0.05,0.1,0.25,0.7,0.35,1,1,2,28,12,0.016,0.0022,0.02,0.012,0.005,0.0014,0.001,0.0007,0.9,0.003,0.005,4,0.75,10,660,39,0.05,0.4,0.3,30,18,0.33,12,3,0.1,0,0,0,0,0,0,0.5,0,0,0,range_brush_temperate_desert
177,rngb_tems,perennial,temp_gro,0,0,34,0.9,2,0.05,0.1,0.25,0.7,0.35,1,1,2,20,0,0.016,0.0022,0.02,0.012,0.005,0.0014,0.001,0.0007,0.9,0.003,0.005,4,0.75,10,660,39,0.05,1,0.3,30,53,0.33,12,3,0.1,0,0,0,0,0,0,0.5,0,0,0,range_brush_temperate_mountain_systems
178,rngb_teof,perennial,temp_gro,0,0,34,0.9,2.5,0.05,0.1,0.25,0.7,0.35,1,1,2,20,10,0.016,0.0022,0.02,0.012,0.005,0.0014,0.001,0.0007,0.9,0.003,0.005,4,0.75,10,660,39,0.05,2,0.3,30,140,0.33,12,3,0.1,0,0,0,0,0,0,0.5,0,0,0,range_brush_temperate_oceanic_forest
179,rngb_test,perennial,temp_gro,0,0,34,0.9,3,0.05,0.1,0.25,0.7,0.35,1,1,2,25,0,0.016,0.0022,0.02,0.012,0.005,0.0014,0.001,0.0007,0.9,0.003,0.005,4,0.75,10,660,39,0.05,0.3,0.3,30,53,0.33,12,3,0.1,0,0,0,0,0,0,0.5,0,0,0,range_brush_temperate_steppe
180,rnge,perennial,temp_gro,0,0,34,0.9,2.5,0.05,0.1,0.25,0.7,0.35,1,1,2,25,12,0.016,0.0022,0.02,0.012,0.005,0.0014,0.001,0.0007,0.9,0.003,0.005,4,0.75,10,660,39,0.05,0.05,0.3,10,30,0.33,12,3,0.1,0,0,0,0,0,0,0.5,0,0,0,range_grasses
181,rnge_sudrf,perennial,moisture_gro,0,0,34,0.9,2.5,0.05,0.1,0.25,0.7,0.35,1,1,2,15,0,0.016,0.0022,0.02,0.012,0.005,0.0014,0.001,0.0007,0.9,0.003,0.005,4,0.75,10,660,39,0.05,0.5,0.3,30,53,0.33,12,3,0.1,0,0,0,0,0,0,0.5,0,0,0,range_grasses_subtropical_dry_forest
182,rnge_suds,perennial,moisture_gro,0,0,34,0.9,2,0.05,0.1,0.25,0.7,0.35,1,1,2,26,5,0.016,0.0022,0.02,0.012,0.005,0.0014,0.001,0.0007,0.9,0.003,0.005,4,0.75,10,660,39,0.05,0.2,0.3,30,18,0.33,12,3,0.1,0,0,0,0,0,0,0.5,0,0,0,range_grasses_subtropical_desert
183,rnge_suhf,perennial,moisture_gro,0,0,34,0.9,2,0.05,0.1,0.25,0.7,0.35,1,1,2,26,12,0.016,0.0022,0.02,0.012,0.005,0.0014,0.001,0.0007,0.9,0.003,0.005,4,0.75,10,660,39,0.05,1,0.3,30,53,0.33,12,3,0.1,0,0,0,0,0,0,0.5,0,0,0,range_grasses_subtropical_humid_forest
184,rnge_sums,perennial,moisture_gro,0,0,34,0.9,2,0.05,0.1,0.25,0.7,0.35,1,1,2,26,0,0.016,0.0022,0.02,0.012,0.005,0.0014,0.001,0.0007,0.9,0.003,0.005,4,0.75,10,660,39,0.05,1,0.3,30,53,0.33,12,3,0.1,0,0,0,0,0,0,0.5,0,0,0,range_grasses_subtropical_mountain_systems
185,rnge_sust,perennial,moisture_gro,0,0,34,0.9,3,0.05,0.1,0.25,0.7,0.35,1,1,2,26,10,0.016,0.0022,0.02,0.012,0.005,0.0014,0.001,0.0007,0.9,0.003,0.005,4,0.75,10,660,39,0.05,0.3,0.3,30,53,0.33,12,3,0.1,0,0,0,0,0,0,0.5,0,0,0,range_grasses_subtropical_steppe
186,rnge_tecf,perennial,temp_gro,0,0,34,0.9,2,0.05,0.1,0.25,0.7,0.35,1,1,2,20,8,0.016,0.0022,0.02,0.012,0.005,0.0014,0.001,0.0007,0.9,0.003,0.005,4,0.75,10,660,39,0.05,1,0.3,30,53,0.33,12,3,0.1,0,0,0,0,0,0,0.5,0,0,0,range_grasses_temperate_continental_forest
187,rnge_teds,perennial,temp_gro,0,0,34,0.9,2,0.05,0.1,0.25,0.7,0.35,1,1,2,26,5,0.016,0.0022,0.02,0.012,0.005,0.0014,0.001,0.0007,0.9,0.003,0.005,4,0.75,10,660,39,0.05,0.2,0.3,30,18,0.33,12,3,0.1,0,0,0,0,0,0,0.5,0,0,0,range_grasses_temperate_desert
188,rnge_tems,perennial,temp_gro,0,0,34,0.9,2,0.05,0.1,0.25,0.7,0.35,1,1,2,20,0,0.016,0.0022,0.02,0.012,0.005,0.0014,0.001,0.0007,0.9,0.003,0.005,4,0.75,10,660,39,0.05,1,0.3,30,53,0.33,12,3,0.1,0,0,0,0,0,0,0.5,0,0,0,range_grasses_temperate_mountain_systems
189,rnge_teof,perennial,temp_gro,0,0,34,0.9,2.5,0.05,0.1,0.25,0.7,0.35,1,1,2,20,0,0.016,0.0022,0.02,0.012,0.005,0.0014,0.001,0.0007,0.9,0.003,0.005,4,0.75,10,660,39,0.05,2,0.3,30,90,0.33,12,3,0.1,0,0,0,0,0,0,0.5,0,0,0,range_grasses_temperate_oceanic_forest
190,rnge_test,perennial,temp_gro,0,0,34,0.9,3,0.05,0.1,0.25,0.7,0.35,1,1,2,25,0,0.016,0.0022,0.02,0.012,0.005,0.0014,0.001,0.0007,0.9,0.003,0.005,4,0.75,10,660,39,0.05,0.3,0.3,30,53,0.33,12,3,0.1,0,0,0,0,0,0,0.5,0,0,0,range_grasses_temperate_steppe
191,rubr,perennial,temp_gro,0,0,5.6,0.9,2.6,0.1,0.15,0.5,0.75,0.99,1,3.5,2,20,7,0.0019,0.0004,0.006,0.002,0.0015,0.0007,0.0004,0.0003,0.05,0.001,0.0071,4,0.75,3,660,20,0.05,0.75,0.3,10,50,0.65,12,3,0.1,0,0,0,0,0,0,0.5,0,0,0,rubber
192,rye,cold_annual,temp_gro,0,90,35,0.4,4,0.15,0.01,0.5,0.95,0.8,1,1,1.8,12.5,0,0.0284,0.0042,0.06,0.0231,0.0134,0.0084,0.0032,0.0019,0.2,0.03,0.01,4,0.75,7,660,45,0.05,0,0,0,0,0.65,12,3,0.1,0,0,0,0,0,0,0.5,0,0,0,rye
193,rye90,cold_annual,temp_gro,0,90,35,0.4,4,0.15,0.01,0.5,0.95,0.8,1,1,1.8,12.5,0,0.0284,0.0042,0.06,0.0231,0.0134,0.0084,0.0032,0.0019,0.2,0.03,0.01,4,0.75,7,660,45,0.05,0,0,0,0,0.65,12,3,0.1,0,0,0,0,0,0,0.5,0,0,0,rye
194,ryea,perennial,temp_gro,0,0,30,0.9,3,0.35,0.02,0.62,0.95,0.8,1,1.1,1.3,15,0,0.023,0.0037,0.0226,0.018,0.014,0.004,0.004,0.0024,0.9,0.03,0.005,4,0.75,8,660,46,0.05,2,0.3,2,30,0.65,12,3,0.1,0,0,0,0,0,0,0.5,0,0,0,altai_wildrye
195,ryeg,cold_annual,temp_gro,0,110,30,0.9,4,0.2,0.32,0.45,0.95,0.5,1,0.8,1.3,18,0,0.022,0.0028,0.066,0.0254,0.0147,0.0105,0.004,0.0024,0.9,0.03,0.005,4,0.75,6,660,39,0.05,0,0,0,0,0.65,12,3,0.1,0.4,0.2,22,0.05,40,0.71,0.5,0,0,0,italian_annual
196,ryer,perennial,temp_gro,0,0,30,0.9,3,0.35,0.02,0.62,0.95,0.8,1,1,1.3,15,0,0.023,0.0037,0.0226,0.018,0.014,0.004,0.004,0.0024,0.9,0.03,0.006,4,0.75,8,660,39,0.05,2,0.3,2,30,0.65,12,3,0.1,0,0,0,0,0,0,0.5,0,0,0,russian_wildrye
197,saaz,perennial,temp_gro,0,0,30,0.9,4,0.15,0.01,0.5,0.95,0.8,1,1.5,2,15,0,0.0234,0.0033,0.056,0.021,0.012,0.0099,0.0022,0.0019,0.9,0.003,0.005,4,0.75,8,660,39,0.05,0.75,0.3,30,30,0.65,12,3,0.1,0.4,0.2,22,0.05,40,0.71,0.5,0,0,0,unknown
198,sava,perennial,temp_gro,0,0,34,0.9,2,0.05,0.1,0.25,0.7,0.35,1,1,2,25,12,0.016,0.0022,0.02,0.012,0.005,0.0014,0.001,0.0007,0.9,0.003,0.005,4,0.75,10,660,39,0.05,0.15,44,65,76.5,82,12,3,0,0,0,0,0,0,0,0.5,0,0,0,savanna
199,scrn,warm_annual,temp_gro,0,100,39,0.5,2.5,0.15,0.05,0.5,0.95,0.5,0.5,2.5,2,24,12,0.0214,0.0037,0.047,0.0177,0.0138,0.0048,0.0018,0.0014,0.3,0.2,0.007,4,0.75,7.2,660,45,0.05,0,0,0,0,0.65,12,3,0.1,0,0,0,0,0,0,0.5,0,0,0,sweet_corn
200,scsc,perennial,temp_gro,0,0,30,0.9,4,0.15,0.01,0.5,0.95,0.8,1,1.5,2,15,0,0.0234,0.0033,0.056,0.021,0.012,0.0099,0.0022,0.0019,0.9,0.003,0.005,4,0.75,8,660,39,0.05,0.75,0.3,30,30,0.65,12,3,0.1,0.4,0.2,22,0.05,40,0.71,0.5,0,0,0,unknown
201,sept,perennial,temp_gro,0,0,35,0.9,4,0.05,0.05,0.49,0.95,0.99,1,0.5,2,25,12,0.0234,0.0033,0.06,0.0231,0.0134,0.0084,0.0032,0.0019,0.9,0.003,0.005,4,0.75,10,660,36,0.05,0.75,0.3,2,30,1,12,3,0.1,0,0,0,0,0,0,0.5,0,0,0,septic_area
202,sesb,warm_annual,temp_gro,0.5,100,50,0.31,5,0.15,0.01,0.5,0.95,0.9,1,2,2,25,10,0.065,0.0091,0.05,0.02,0.015,0.0074,0.0037,0.0035,0.01,0.2,0.005,4,0.75,10,660,60,0.05,0,0,0,0,0.65,12,3,0.1,0,0,0,0,0,0,0.5,0,0,0,sesbania_canning
203,sgbt,warm_annual_tuber,temp_gro,0,100,30,2,5,0.05,0.05,0.5,0.95,0.6,1,1.2,2,18,4,0.013,0.002,0.055,0.02,0.012,0.006,0.0025,0.0019,1.1,0.2,0.007,4,0.75,10,660,35,0.05,0,0,0,0,0.65,12,3,0.1,0,0,0,0,0,0,0.5,0,0,0,sugarbeet
204,sghy,warm_annual,temp_gro,0,0,33.5,0.9,4,0.15,0.05,0.5,0.95,0.64,0.5,1.5,2,30,11,0.0199,0.0032,0.044,0.0164,0.0128,0.006,0.0022,0.0018,0.9,0.2,0.005,4,0.75,8.5,660,36,0.05,0,0,0,0,0.65,12,3,0.1,0,0,0,0,0,0,0.5,0,0,0,sorghum_hay
205,shrb,perennial,temp_gro,0,0,34,0.9,2,0.05,0.1,0.25,0.7,0.35,1,1,2,25,12,0.016,0.0022,0.02,0.012,0.005,0.0014,0.001,0.0007,0.9,0.003,0.005,4,0.75,10,660,39,0.05,0.15,39,61,74,80,12,3,0,0,0,0,0,0,0,0.5,0,0,0,shrubland
206,side,perennial,temp_gro,0,0,11,0.9,1.7,0.05,0.05,0.3,0.7,0.35,1,0.4,1.4,25,12,0.016,0.0022,0.02,0.01,0.006,0.0014,0.001,0.0007,0.9,0.003,0.005,4,0.75,10,660,21,0.05,2,0.3,2,30,1.12,12,3,0.1,0,0,0,0,0,0,0.5,0,0,0,sideoats_grama
207,soct,warm_annual,temp_gro,0.5,0,25,0.31,3,0.15,0.05,0.5,0.95,0.6,1,0.8,1.7,25,10,0.065,0.0091,0.0524,0.0265,0.0258,0.0074,0.0037,0.0035,0.01,0.25,0.007,4,0.75,8,660,34,0.05,0,0,0,0,0.45,12,3,0.1,0,0,0,0,0,0,0.5,0,0,0,unknown
208,sont,warm_annual,temp_gro,0.5,100,25,0.31,3,0.15,0.05,0.5,0.95,0.6,1,0.8,1.7,25,10,0.065,0.0091,0.0524,0.0265,0.0258,0.0074,0.0037,0.0035,0.01,0.07,0.007,4,0.75,8,660,34,0.05,0,0,0,0,0.45,12,3,0.1,0,0,0,0,0,0,0.5,0,0,0,unknown
209,sonu,perennial,temp_gro,0,0,30,0.9,4,0.15,0.01,0.5,0.95,0.8,1,1.5,2,15,0,0.0234,0.0033,0.056,0.021,0.012,0.0099,0.0022,0.0019,0.9,0.003,0.005,4,0.75,8,660,39,0.05,0.75,0.3,30,30,0.65,12,3,0.1,0.4,0.2,22,0.05,40,0.71,0.5,0,0,0,unknown
210,sosa,perennial,temp_gro,0,0,30,0.9,4,0.15,0.01,0.5,0.95,0.8,1,1.5,2,15,0,0.0234,0.0033,0.056,0.021,0.012,0.0099,0.0022,0.0019,0.9,0.003,0.005,4,0.75,8,660,39,0.05,0.75,0.3,30,30,0.65,12,3,0.1,0.4,0.2,22,0.05,40,0.71,0.5,0,0,0,unknown
211,soyb,warm_annual,temp_gro,0.5,120,25,0.31,5,0.15,0.15,0.5,0.95,0.9,1,0.8,2,25,10,0.0699,0.0077,0.0524,0.0265,0.0258,0.0074,0.0037,0.0035,0.01,0.14,0.007,4,0.75,8,660,34,0.05,0,0,0,0,0.45,12,3,0.1,0,0,0,0,0,0,0.5,0,0,0,soybean
212,soyb100,warm_annual,temp_gro,0.5,100,25,0.31,5,0.15,0.15,0.5,0.95,0.9,1,0.8,2,25,10,0.0699,0.0077,0.0524,0.0265,0.0258,0.0074,0.0037,0.0035,0.01,0.14,0.007,4,0.75,8,660,34,0.05,0,0,0,0,0.45,12,3,0.1,0,0,0,0,0,0,0.5,0,0,0,soybean
213,soyb105,warm_annual,temp_gro,0.5,105,25,0.31,5,0.15,0.15,0.5,0.95,0.9,1,0.8,2,25,10,0.0699,0.0077,0.0524,0.0265,0.0258,0.0074,0.0037,0.0035,0.01,0.14,0.007,4,0.75,8,660,34,0.05,0,0,0,0,0.45,12,3,0.1,0,0,0,0,0,0,0.5,0,0,0,soybean
214,soyb110,warm_annual,temp_gro,0.5,110,25,0.31,5,0.15,0.15,0.5,0.95,0.9,1,0.8,2,25,10,0.0699,0.0077,0.0524,0.0265,0.0258,0.0074,0.0037,0.0035,0.01,0.14,0.007,4,0.75,8,660,34,0.05,0,0,0,0,0.45,12,3,0.1,0,0,0,0,0,0,0.5,0,0,0,soybean
215,soyb115,warm_annual,temp_gro,0.5,115,25,0.31,5,0.15,0.15,0.5,0.95,0.9,1,0.8,2,25,10,0.0699,0.0077,0.0524,0.0265,0.0258,0.0074,0.0037,0.0035,0.01,0.14,0.007,4,0.75,8,660,34,0.05,0,0,0,0,0.45,12,3,0.1,0,0,0,0,0,0,0.5,0,0,0,soybean
216,soyb120,warm_annual,temp_gro,0.5,120,25,0.31,5,0.15,0.15,0.5,0.95,0.9,1,0.8,2,25,10,0.0699,0.0077,0.0524,0.0265,0.0258,0.0074,0.0037,0.0035,0.01,0.14,0.007,4,0.75,8,660,34,0.05,0,0,0,0,0.45,12,3,0.1,0,0,0,0,0,0,0.5,0,0,0,soybean
217,spas,perennial,temp_gro,0,0,35,0.9,4,0.05,0.05,0.49,0.95,0.99,1,0.5,2,25,12,0.0234,0.0033,0.06,0.0231,0.0134,0.0084,0.0032,0.0019,0.9,0.003,0.005,4,0.75,10,660,36,0.05,2,0.3,2,40,0.65,12,3,0.1,0,0,0,0,0,0,0.5,0,0,0,summer_pasture
218,spin,cold_annual,temp_gro,0,90,30,0.95,4.2,0.1,0.05,0.9,0.95,0.95,0.1,0.5,0.6,24,4,0.0543,0.0058,0.062,0.04,0.03,0.005,0.004,0.0035,0.95,0.2,0.006,4,0.75,5,660,35,0.05,0,0,0,0,0.65,12,3,0.1,0,0,0,0,0,0,0.5,0,0,0,spinach
219,spot,warm_annual_tuber,temp_gro,0,100,15,0.6,4,0.15,0.01,0.5,0.95,0.6,1,0.8,2,24,14,0.0097,0.001,0.045,0.016,0.009,0.0045,0.0019,0.0015,0.4,0.05,0.006,4,0.75,3,660,19,0.05,0,0,0,0,0.65,12,3,0.1,0,0,0,0,0,0,0.5,0,0,0,sweetpotato
220,strw,perennial,temp_gro,0,0,30,0.45,3,0.15,0.05,0.5,0.95,0.6,1,0.5,0.6,32,10,0.0116,0.0023,0.0663,0.0255,0.0148,0.0053,0.002,0.0012,0.25,0.03,0.006,4,0.75,8,660,39,0.05,0,0,0,0,0.65,12,3,0.1,0,0,0,0,0,0,0.5,0,0,0,strawberry
221,sugc,perennial,temp_gro,0,0,25,0.5,6,0.15,0.01,0.5,0.95,0.75,0.1,3,2,25,11,0,0,0.01,0.004,0.0025,0.0075,0.003,0.0019,0.01,0.001,0.005,4,0.75,10,660,33,0.05,2,0.3,2,30,0.65,12,3,0.1,0,0,0,0,0,0,0.5,0,0,0,sugarcane
222,sunf,warm_annual,temp_gro,0,110,46,0.3,3,0.15,0.01,0.5,0.95,0.62,2,2.5,2,25,6,0.0454,0.0074,0.05,0.023,0.0146,0.0063,0.0029,0.0023,0.18,0.2,0.008,4,0.75,32.3,660,59,0.05,0,0,0,0,0.9,12,3,0.1,0,0,0,0,0,0,0.5,0,0,0,sunflower
223,sunf100,warm_annual,temp_gro,0,100,46,0.3,3,0.15,0.01,0.5,0.95,0.62,2,2.5,2,25,6,0.0454,0.0074,0.05,0.023,0.0146,0.0063,0.0029,0.0023,0.18,0.2,0.008,4,0.75,32.3,660,59,0.05,0,0,0,0,0.9,12,3,0.1,0,0,0,0,0,0,0.5,0,0,0,sunflower
224,sunf110,warm_annual,temp_gro,0,110,46,0.3,3,0.15,0.01,0.5,0.95,0.62,2,2.5,2,25,6,0.0454,0.0074,0.05,0.023,0.0146,0.0063,0.0029,0.0023,0.18,0.2,0.008,4,0.75,32.3,660,59,0.05,0,0,0,0,0.9,12,3,0.1,0,0,0,0,0,0,0.5,0,0,0,sunflower
225,sunf90,warm_annual,temp_gro,0,90,46,0.3,3,0.15,0.01,0.5,0.95,0.62,2,2.5,2,25,6,0.0454,0.0074,0.05,0.023,0.0146,0.0063,0.0029,0.0023,0.18,0.2,0.008,4,0.75,32.3,660,59,0.05,0,0,0,0,0.9,12,3,0.1,0,0,0,0,0,0,0.5,0,0,0,sunflower
226,swch,perennial,temp_gro,0,0,47,0.9,6,0.1,0.2,0.2,0.95,0.7,1,2.5,2.2,25,12,0.016,0.0022,0.035,0.015,0.0038,0.0014,0.001,0.0007,0.9,0.003,0.005,4,0.75,8.5,660,54,0.05,2,0.3,2,30,0.33,12,3,0.1,0,0,0,0,0,0,0.5,0,0,0,alamo_switchgrass
227,swgr,perennial,temp_gro,0,0,35,0.9,4,0.15,0.01,0.5,0.95,0.85,1,0.7,2,25,8,0.05,0.004,0.03,0.02,0.012,0.002,0.0015,0.0013,0.9,0.003,0.005,4,0.75,8,660,45,0.05,2,0.3,2,30,0.65,12,3,0.1,0,0,0,0,0,0,0.5,0,0,0,slender_wheatgrass
228,swht,cold_annual,temp_gro,0,120,35,0.42,4,0.15,0.05,0.5,0.95,0.6,1,0.9,2,18,0,0.0234,0.0033,0.06,0.0231,0.0134,0.0084,0.0032,0.0019,0.2,0.03,0.006,4,0.75,8,660,46,0.05,0,0,0,0,0.65,12,3,0.1,0,0,0,0,0,0,0.5,0,0,0,spring_wheat
229,swht110,cold_annual,temp_gro,0,110,35,0.42,4,0.15,0.05,0.5,0.95,0.6,1,0.9,2,18,0,0.0234,0.0033,0.06,0.0231,0.0134,0.0084,0.0032,0.0019,0.2,0.03,0.006,4,0.75,8,660,46,0.05,0,0,0,0,0.65,12,3,0.1,0,0,0,0,0,0,0.5,0,0,0,spring_wheat
230,swht120,cold_annual,temp_gro,0,120,35,0.42,4,0.15,0.05,0.5,0.95,0.6,1,0.9,2,18,0,0.0234,0.0033,0.06,0.0231,0.0134,0.0084,0.0032,0.0019,0.2,0.03,0.006,4,0.75,8,660,46,0.05,0,0,0,0,0.65,12,3,0.1,0,0,0,0,0,0,0.5,0,0,0,spring_wheat
231,swrn,perennial,temp_gro,0,0,34,0.9,1.5,0.05,0.1,0.25,0.7,0.35,1,1,2,25,12,0.016,0.0022,0.02,0.012,0.005,0.0014,0.001,0.0007,0.9,0.003,0.005,4,0.75,10,660,39,0.05,0.05,0.3,10,30,0.33,12,3,0.1,0,0,0,0,0,0,0.5,0,0,0,southwestern_us
232,teff,cold_annual,temp_gro,0,100,35,0.23,3,0.15,0.05,0.5,0.95,0.9,1,0.9,2,18,0,0.0234,0.0033,0.06,0.0231,0.0134,0.0084,0.0032,0.0019,0.2,0.03,0.0056,4,0.75,8,660,46,0.05,0,0,0,0,0.65,12,3,0.1,0,0,0,0,0,0,0.5,0,0,0,teff_grass
233,timo,perennial,temp_gro,0,0,35,0.9,4,0.15,0.01,0.5,0.95,0.85,1,0.8,2,25,8,0.0234,0.0033,0.0314,0.0137,0.0103,0.0038,0.0025,0.0019,0.9,0.003,0.005,4,0.75,8,660,45,0.05,2,0.3,2,30,0.65,12,3,0.1,0,0,0,0,0,0,0.5,0,0,0,timothy
234,tobc,warm_annual,temp_gro,0,160,39,0.55,4.5,0.15,0.05,0.5,0.95,0.7,1,1.8,2,25,10,0.014,0.0016,0.047,0.0177,0.0138,0.0048,0.0018,0.0014,0.55,0.2,0.005,4,0.75,8,660,44,0.05,0,0,0,0,0.65,12,3,0.1,0,0,0,0,0,0,0.5,0,0,0,tobacco
235,toma,warm_annual,temp_gro,0,90,30,0.33,3,0.15,0.05,0.5,0.95,0.95,0.1,0.5,2,22,10,0.0235,0.0048,0.0663,0.03,0.025,0.0053,0.0035,0.0025,0.15,0.03,0.008,4,0.75,8,660,39,0.05,0,0,0,0,0.65,12,3,0.1,0,0,0,0,0,0,0.5,0,0,0,tomato
236,tral,perennial,temp_gro,0,0,30,0.9,4,0.15,0.01,0.5,0.95,0.8,1,1.5,2,15,0,0.0234,0.0033,0.056,0.021,0.012,0.0099,0.0022,0.0019,0.9,0.003,0.005,4,0.75,8,660,39,0.05,0.75,0.3,30,30,0.65,12,3,0.1,0.4,0.2,22,0.05,40,0.71,0.5,0,0,0,unknown
237,trit,cold_annual,temp_gro,0,100,35,0.45,6,0.15,0.01,0.5,0.95,0.8,1,1,2,15,0,0.2,0.0033,0.06,0.023,0.0134,0.0084,0.0032,0.0019,0.03,0.001,0.007,4.75,0.5,6,660,47,0.05,0.75,0.3,10,50,0.61,12,3,0.1,0,0,0,0,0,0,0.5,0,0,0,triticale
238,tubg,perennial,temp_gro,0,0,32,0.9,2.25,0.2,0.06,0.44,0.83,0.58,1,1.05,1.65,15,0,0.0195,0.003,0.0213,0.015,0.0095,0.0027,0.0025,0.0016,0.9,0.017,0.005,4,0.75,9,660,42.5,0.05,0.13,35,60,73,79.5,12,3,0,0,0,0,0,0,0,0.5,0,0,0,bare_ground_tundra
239,tuhb,perennial,temp_gro,0,0,30,0.9,3,0.35,0.02,0.62,0.95,0.8,1,1.1,1.3,15,0,0.023,0.0037,0.0226,0.018,0.014,0.004,0.004,0.0024,0.9,0.03,0.005,4,0.75,8,660,46,0.05,0.1,31,59,72,79,12,3,0,0,0,0,0,0,0,0.5,0,0,0,herbaceous_tundra
240,tumi,perennial,temp_gro,0,0,32,0.9,2.25,0.2,0.06,0.44,0.83,0.58,1,1.05,1.65,15,0,0.0195,0.003,0.0213,0.015,0.0095,0.0027,0.0025,0.0016,0.9,0.017,0.005,4,0.75,9,660,42.5,0.05,0.13,35,60,73,79.5,12,3,0,0,0,0,0,0,0,0.5,0,0,0,mixed_tundra
241,tuwo,perennial,temp_gro,0,0,32,0.9,2.5,0.2,0.06,0.44,0.83,0.58,1,1.05,1.65,15,0,0.0195,0.003,0.0213,0.015,0.0095,0.0027,0.0025,0.0016,0.9,0.017,0.005,4,0.75,9,660,42.5,0.05,0.13,35,60,73,79.5,12,3,0,0,0,0,0,0,0,0.5,0,0,0,wooded_tundra
242,urbn_cool,perennial,temp_gro,0,0,30,0.9,4,0.15,0.01,0.5,0.95,0.8,1,1.5,2,15,0,0.0234,0.0033,0.056,0.021,0.012,0.0099,0.0022,0.0019,0.9,0.003,0.005,4,0.75,8,660,39,0.05,2,0.3,2,30,0.65,12,3,0.1,0,0,0,0,0,0,0.5,0,0,0,urban
243,urbn_warm,perennial,temp_gro,0,0,35,0.9,4,0.05,0.05,0.49,0.95,0.99,1,0.5,2,25,12,0.0234,0.0033,0.06,0.0231,0.0134,0.0084,0.0032,0.0019,0.9,0.003,0.005,4,0.75,10,660,36,0.05,2,0.3,2,30,1,12,3,0.1,0,0,0,0,0,0,0.5,0,0,0,urban
244,waln,perennial,temp_gro,0,0,15,0.1,4,0.1,0.15,0.5,0.75,0.99,1,3.5,2,20,7,0.0019,0.0004,0.006,0.002,0.0015,0.0007,0.0004,0.0003,0.05,0.001,0.007,4,0.75,3,660,20,0.05,0.75,0.3,10,500,0.65,12,3,0.1,0,0,0,0,0,0,0.5,0,0,0,walnut
245,wbar,cold_annual,temp_gro,0,100,30,0.54,4,0.05,0.05,0.45,0.95,0.9,1,0.9,1.3,18,0,0.025,0.0022,0.0663,0.0255,0.0148,0.0053,0.002,0.0012,0.2,0.03,0.0056,4,0.75,6,660,39,0.05,0,0,0,0,0.65,12,3,0.1,0,0,0,0,0,0,0.5,0,0,0,winter_barley
246,wehb,perennial,temp_gro,0,0,47,0.9,6,0.1,0.2,0.2,0.95,0.7,1,2.5,2.2,25,12,0.016,0.0022,0.035,0.015,0.0038,0.0014,0.001,0.0007,0.9,0.003,0.005,4,0.75,8.5,660,54,0.05,0.05,49,69,79,84,12,3,0,0,0,0,0,0,0,0.5,0,0,0,herbaceous_wetland
247,wetf,perennial,temp_gro,0,0,15,0.76,5,0.05,0.05,0.4,0.95,0.99,1,6,3.5,30,10,0.0015,0.0003,0.006,0.002,0.0015,0.0007,0.0004,0.0003,0.01,0.001,0.002,4,0.75,8,660,16,0.05,0.75,0.3,30,100,0.65,12,3,0.1,0,0,0,0,0,0,0.5,0,0,0,wetlands_forested
248,wetl,perennial,temp_gro,0,0,47,0.9,6,0.1,0.2,0.2,0.95,0.7,1,2.5,2.2,25,12,0.016,0.0022,0.035,0.015,0.0038,0.0014,0.001,0.0007,0.9,0.003,0.005,4,0.75,8.5,660,54,0.05,0.75,0.3,30,100,0.65,12,3,0.1,0,0,0,0,0,0,0.5,0,0,0,wetlands_mixed
249,wetn,perennial,temp_gro,0,0,47,0.9,6,0.1,0.2,0.2,0.95,0.7,1,2.5,2.2,25,12,0.016,0.0022,0.035,0.015,0.0038,0.0014,0.001,0.0007,0.9,0.003,0.005,4,0.75,8.5,660,54,0.05,0.75,0.3,30,100,0.65,12,3,0.1,0,0,0,0,0,0,0.5,0,0,0,wetlands_non_forested
250,wewo,perennial,temp_gro,0,0,15,0.76,5,0.05,0.05,0.4,0.95,0.99,1,6,3.5,30,10,0.0015,0.0003,0.006,0.002,0.0015,0.0007,0.0004,0.0003,0.01,0.001,0.002,4,0.75,8,660,16,0.05,0.05,45,66,77,83,12,3,0,0,0,0,0,0,0,0.5,0,0,0,wooded_wetland
251,will,perennial,temp_gro,0,0,30,0.76,5,0.05,0.05,0.4,0.95,0.99,1,7.5,3.5,30,10,0.0015,0.0003,0.006,0.002,0.0015,0.0007,0.0004,0.0003,0.01,0.001,0.0036,4,0.75,8,660,31,0.05,0.75,0.3,10,20,0.45,12,3,0.1,0,0,0,0,0,0,0.5,0,0,0,willow
252,wmel,warm_annual,temp_gro,0,90,30,0.5,1.5,0.15,0.05,0.5,0.95,0.6,1,0.5,2,35,18,0.0117,0.0011,0.0663,0.0075,0.0048,0.0053,0.0025,0.0012,0.25,0.03,0.006,4,0.75,3,660,39,0.05,0,0,0,0,0.65,12,3,0.1,0,0,0,0,0,0,0.5,0,0,0,watermelon
253,wpas,perennial,temp_gro,0,0,30,0.9,4,0.15,0.01,0.5,0.95,0.8,1,1.5,2,15,0,0.0234,0.0033,0.056,0.021,0.012,0.0099,0.0022,0.0019,0.9,0.003,0.005,4,0.75,8,660,39,0.05,2,0.3,2,40,0.65,12,3,0.1,0,0,0,0,0,0,0.5,0,0,0,winter_pasture
254,wspr,perennial,temp_gro,0,0,15,0.76,5,15,0.7,25,0.99,0.99,1,35,3,30,0,0.0015,0.0003,0.006,0.002,0.0015,0.0007,0.0004,0.0003,0.6,0.001,0.007,-6.5,1,8,660,25,0.05,0.75,0.3,50,100,0.52,12,3,0.1,0,0,0,0,0,0,0.5,0,0,0,white_sprice
255,wwgr,perennial,temp_gro,0,0,35,0.9,4,0.5,0.02,0.89,0.95,0.85,1,0.6,1.3,25,6,0.05,0.004,0.03,0.02,0.012,0.002,0.0015,0.0013,0.9,0.003,0.008,4,0.75,8,660,45,0.05,2,0.3,2,30,0.65,12,3,0.1,0,0,0,0,0,0,0.5,0,0,0,western_wheatgrass
256,wwht,cold_annual,temp_gro,0,160,30,0.4,4,0.05,0.05,0.45,0.95,0.5,1,0.9,1.3,18,0,0.025,0.0022,0.0663,0.0255,0.0148,0.0053,0.002,0.0012,0.2,0.03,0.006,4,0.75,6,660,39,0.05,0,0,0,0,0.65,12,3,0.1,0,0,0,0,0,0,0.5,0,0,0,winter_wheat
257,wwht150,cold_annual,temp_gro,0,150,30,0.4,4,0.05,0.05,0.45,0.95,0.5,1,0.9,1.3,18,0,0.025,0.0022,0.0663,0.0255,0.0148,0.0053,0.002,0.0012,0.2,0.03,0.006,4,0.75,6,660,39,0.05,0,0,0,0,0.65,12,3,0.1,0,0,0,0,0,0,0.5,0,0,0,winter_wheat
258,wwht160,cold_annual,temp_gro,0,160,30,0.4,4,0.05,0.05,0.45,0.95,0.5,1,0.9,1.3,18,0,0.025,0.0022,0.0663,0.0255,0.0148,0.0053,0.002,0.0012,0.2,0.03,0.006,4,0.75,6,660,39,0.05,0,0,0,0,0.65,12,3,0.1,0,0,0,0,0,0,0.5,0,0,0,winter_wheat
259,wwht170,cold_annual,temp_gro,0,170,30,0.4,4,0.05,0.05,0.45,0.95,0.5,1,0.9,1.3,18,0,0.025,0.0022,0.0663,0.0255,0.0148,0.0053,0.002,0.0012,0.2,0.03,0.006,4,0.75,6,660,39,0.05,0,0,0,0,0.65,12,3,0.1,0,0,0,0,0,0,0.5,0,0,0,winter_wheat
260,wetw,perennial,temp_gro,0,0,47,0.9,6,0.1,0.2,0.2,0.95,0.7,1,2.5,2.2,25,12,0.016,0.0022,0.035,0.015,0.0038,0.0014,0.001,0.0007,0.9,0.003,0.005,4,0.75,8.5,660,54,0.05,0.75,0.3,30,100,0.65,12,3,0.1,0,0,0,0,0,0,0.5,0,0,0,wetland_wet
261,wetm,perennial,temp_gro,0,0,47,0.9,6,0.1,0.2,0.2,0.95,0.7,1,2.5,2.2,25,12,0.016,0.0022,0.035,0.015,0.0038,0.0014,0.001,0.0007,0.9,0.003,0.005,4,0.75,8.5,660,54,0.05,0.75,0.3,30,100,0.65,12,3,0.1,0,0,0,0,0,0,0.5,0,0,0,wetland_mixed
